County,Estimate!!Total,Estimate!!Total!!Utility gas,"Estimate!!Total!!Bottled, tank, or LP gas",Estimate!!Total!!Electricity,"Estimate!!Total!!Fuel oil, kerosene, etc.",Estimate!!Total!!Coal or coke,Estimate!!Total!!Wood,Estimate!!Total!!Solar energy,Estimate!!Total!!Other fuel,Estimate!!Total!!No fuel used,State,County Number,Year,Census_Population,FIPS,County Seat(s),Population (2010),Land Area km2,Land Area mi2,Water Area km2,Water Area mi2,Total Area km2,Total Area mi2,Latitude,Longitude,tempmax,tempmin,temp,humidity,precipcover,cloudcover,solarradiation,solarenergy,uvindex
Phillips,1696,934,298,409,2,0,9,0,41,3,8,95,2017,4327,8095,Holyoke,"4,442","1,781.73",687.928,0.302,0.117,"1,782.03",688.045,40.594712,-102.345105,68.35384615384620,39.351282051282100,52.93974358974360,56.822435897435900,2.5908333333333300,16.762820512820500,222.43653846153800,14.953846153846200,5.9423076923076900
Phillips,1668,982,313,331,2,0,9,0,23,8,8,95,2018,4318,8095,Holyoke,"4,442","1,781.73",687.928,0.302,0.117,"1,782.03",688.045,40.594712,-102.345105,68.35384615384620,39.351282051282100,52.93974358974360,56.822435897435900,2.5908333333333300,16.762820512820500,222.43653846153800,14.953846153846200,5.9423076923076900
Phillips,1689,1041,264,347,2,0,0,0,25,10,8,95,2019,4290,8095,Holyoke,"4,442","1,781.73",687.928,0.302,0.117,"1,782.03",688.045,40.594712,-102.345105,68.35384615384620,39.351282051282100,52.93974358974360,56.822435897435900,2.5908333333333300,16.762820512820500,222.43653846153800,14.953846153846200,5.9423076923076900
Phillips,1737,1159,264,277,3,0,1,0,26,7,8,95,2020,4343,8095,Holyoke,"4,442","1,781.73",687.928,0.302,0.117,"1,782.03",688.045,40.594712,-102.345105,68.35384615384620,39.351282051282100,52.93974358974360,56.822435897435900,2.5908333333333300,16.762820512820500,222.43653846153800,14.953846153846200,5.9423076923076900
Archuleta,5553,2437,1435,675,0,20,852,57,57,20,8,7,2017,12592,8007,Pagosa Springs,"12,084","3,496.94","1,350.18",13.828,5.339,"3,510.77","1,355.51",37.202395,-107.050863,59.49038461538460,32.628846153846200,45.60769230769230,54.28782051282050,6.196666666666670,27.409615384615400,218.16730769230800,17.63525641025640,7.038461538461540
Archuleta,5670,2337,1711,563,0,10,922,66,39,22,8,7,2018,12908,8007,Pagosa Springs,"12,084","3,496.94","1,350.18",13.828,5.339,"3,510.77","1,355.51",37.202395,-107.050863,59.49038461538460,32.628846153846200,45.60769230769230,54.28782051282050,6.196666666666670,27.409615384615400,218.16730769230800,17.63525641025640,7.038461538461540
Archuleta,5858,2510,1736,591,0,4,862,55,81,19,8,7,2019,13253,8007,Pagosa Springs,"12,084","3,496.94","1,350.18",13.828,5.339,"3,510.77","1,355.51",37.202395,-107.050863,59.49038461538460,32.628846153846200,45.60769230769230,54.28782051282050,6.196666666666670,27.409615384615400,218.16730769230800,17.63525641025640,7.038461538461540
Archuleta,5736,2363,1700,599,0,125,804,58,79,8,8,7,2020,13588,8007,Pagosa Springs,"12,084","3,496.94","1,350.18",13.828,5.339,"3,510.77","1,355.51",37.202395,-107.050863,59.49038461538460,32.628846153846200,45.60769230769230,54.28782051282050,6.196666666666670,27.409615384615400,218.16730769230800,17.63525641025640,7.038461538461540
Denver,287262,195093,3306,82257,308,35,301,610,2841,2511,8,31,2017,678467,8031,Denver,"600,158",396.269,153,4.225,1.631,400.494,154.631,39.761849,-104.880625,65.84807692307690,39.69935897435900,52.00064102564100,46.85769230769230,5.128076923076920,51.62948717948720,244.5923076923080,14.983333333333300,6.282051282051280
Denver,294358,199139,3577,84775,342,8,332,684,3055,2446,8,31,2018,693417,8031,Denver,"600,158",396.269,153,4.225,1.631,400.494,154.631,39.761849,-104.880625,65.84807692307690,39.69935897435900,52.00064102564100,46.85769230769230,5.128076923076920,51.62948717948720,244.5923076923080,14.983333333333300,6.282051282051280
Denver,301501,202325,3435,88795,363,8,333,814,2826,2602,8,31,2019,705576,8031,Denver,"600,158",396.269,153,4.225,1.631,400.494,154.631,39.761849,-104.880625,65.84807692307690,39.69935897435900,52.00064102564100,46.85769230769230,5.128076923076920,51.62948717948720,244.5923076923080,14.983333333333300,6.282051282051280
Denver,287756,191899,3762,85216,341,15,263,772,2925,2563,8,31,2020,715878,8031,Denver,"600,158",396.269,153,4.225,1.631,400.494,154.631,39.761849,-104.880625,65.84807692307690,39.69935897435900,52.00064102564100,46.85769230769230,5.128076923076920,51.62948717948720,244.5923076923080,14.983333333333300,6.282051282051280
Kiowa,576,336,158,57,2,0,16,0,4,3,8,61,2017,1368,8061,Eads,"1,398","4,578.50","1,767.77",47.033,18.16,"4,625.53","1,785.93",38.388466,-102.75621,71.19102564102560,38.97179487179490,54.469230769230800,51.23141025641030,3.365448717948720,19.105128205128200,207.47820512820500,16.956410256410300,6.910256410256410
Kiowa,593,381,123,66,0,0,16,0,4,3,8,61,2018,1449,8061,Eads,"1,398","4,578.50","1,767.77",47.033,18.16,"4,625.53","1,785.93",38.388466,-102.75621,71.19102564102560,38.97179487179490,54.469230769230800,51.23141025641030,3.365448717948720,19.105128205128200,207.47820512820500,16.956410256410300,6.910256410256410
Kiowa,638,402,134,67,0,0,15,0,17,3,8,61,2019,1489,8061,Eads,"1,398","4,578.50","1,767.77",47.033,18.16,"4,625.53","1,785.93",38.388466,-102.75621,71.19102564102560,38.97179487179490,54.469230769230800,51.23141025641030,3.365448717948720,19.105128205128200,207.47820512820500,16.956410256410300,6.910256410256410
Kiowa,615,365,142,80,0,0,12,0,14,2,8,61,2020,1463,8061,Eads,"1,398","4,578.50","1,767.77",47.033,18.16,"4,625.53","1,785.93",38.388466,-102.75621,71.19102564102560,38.97179487179490,54.469230769230800,51.23141025641030,3.365448717948720,19.105128205128200,207.47820512820500,16.956410256410300,6.910256410256410
Huerfano,3173,1015,1000,526,0,23,547,31,25,6,8,55,2017,6498,8055,Walsenburg,"6,711","4,120.67","1,591.00",5.792,2.236,"4,126.47","1,593.24",37.687815,-104.959928,61.37692307692310,35.86538461538460,47.02884615384620,47.954487179487200,6.3037820512820500,22.92948717948720,261.19679487179500,16.14679487179490,7.288461538461540
Huerfano,3282,1165,1045,500,0,0,523,23,21,5,8,55,2018,6583,8055,Walsenburg,"6,711","4,120.67","1,591.00",5.792,2.236,"4,126.47","1,593.24",37.687815,-104.959928,61.37692307692310,35.86538461538460,47.02884615384620,47.954487179487200,6.3037820512820500,22.92948717948720,261.19679487179500,16.14679487179490,7.288461538461540
Huerfano,3225,1223,1048,413,0,0,493,19,24,5,8,55,2019,6679,8055,Walsenburg,"6,711","4,120.67","1,591.00",5.792,2.236,"4,126.47","1,593.24",37.687815,-104.959928,61.37692307692310,35.86538461538460,47.02884615384620,47.954487179487200,6.3037820512820500,22.92948717948720,261.19679487179500,16.14679487179490,7.288461538461540
Huerfano,3057,1200,1049,341,0,0,439,11,17,0,8,55,2020,6769,8055,Walsenburg,"6,711","4,120.67","1,591.00",5.792,2.236,"4,126.47","1,593.24",37.687815,-104.959928,61.37692307692310,35.86538461538460,47.02884615384620,47.954487179487200,6.3037820512820500,22.92948717948720,261.19679487179500,16.14679487179490,7.288461538461540
Baca,1603,1033,346,180,0,0,17,5,18,4,8,9,2017,3581,8009,Springfield,"3,788","6,617.33","2,554.97",6.142,2.372,"6,623.48","2,557.34",37.303144,-102.535457,70.80897435897440,40.61217948717950,55.19230769230770,50.41538461538460,2.9646794871794900,18.840384615384600,295.0083333333330,17.812179487179500,7.262820512820510
Baca,1642,1114,335,155,0,0,16,5,17,0,8,9,2018,3563,8009,Springfield,"3,788","6,617.33","2,554.97",6.142,2.372,"6,623.48","2,557.34",37.303144,-102.535457,70.80897435897440,40.61217948717950,55.19230769230770,50.41538461538460,2.9646794871794900,18.840384615384600,295.0083333333330,17.812179487179500,7.262820512820510
Baca,1662,1084,381,169,0,0,9,6,13,0,8,9,2019,3561,8009,Springfield,"3,788","6,617.33","2,554.97",6.142,2.372,"6,623.48","2,557.34",37.303144,-102.535457,70.80897435897440,40.61217948717950,55.19230769230770,50.41538461538460,2.9646794871794900,18.840384615384600,295.0083333333330,17.812179487179500,7.262820512820510
Baca,1728,1181,356,149,0,0,14,4,24,0,8,9,2020,3570,8009,Springfield,"3,788","6,617.33","2,554.97",6.142,2.372,"6,623.48","2,557.34",37.303144,-102.535457,70.80897435897440,40.61217948717950,55.19230769230770,50.41538461538460,2.9646794871794900,18.840384615384600,295.0083333333330,17.812179487179500,7.262820512820510
Chaffee,7900,3916,1700,1191,16,6,971,48,40,12,8,15,2017,18818,8015,Salida,"17,809","2,624.70","1,013.40",4.013,1.55,"2,628.72","1,014.95",38.738246,-106.316972,53.22371794871800,33.89807692307690,43.329487179487200,43.60320512820510,6.757564102564100,33.38717948717950,247.02628205128200,18.746153846153800,7.891025641025640
Chaffee,7958,3887,1796,1251,16,6,852,72,64,14,8,15,2018,19164,8015,Salida,"17,809","2,624.70","1,013.40",4.013,1.55,"2,628.72","1,014.95",38.738246,-106.316972,53.22371794871800,33.89807692307690,43.329487179487200,43.60320512820510,6.757564102564100,33.38717948717950,247.02628205128200,18.746153846153800,7.891025641025640
Chaffee,8231,3889,2025,1231,19,14,840,91,91,31,8,15,2019,19557,8015,Salida,"17,809","2,624.70","1,013.40",4.013,1.55,"2,628.72","1,014.95",38.738246,-106.316972,53.22371794871800,33.89807692307690,43.329487179487200,43.60320512820510,6.757564102564100,33.38717948717950,247.02628205128200,18.746153846153800,7.891025641025640
Chaffee,8650,3917,2220,1499,31,12,748,87,100,36,8,15,2020,19977,8015,Salida,"17,809","2,624.70","1,013.40",4.013,1.55,"2,628.72","1,014.95",38.738246,-106.316972,53.22371794871800,33.89807692307690,43.329487179487200,43.60320512820510,6.757564102564100,33.38717948717950,247.02628205128200,18.746153846153800,7.891025641025640
Gilpin,2603,1239,353,488,21,0,467,0,35,0,8,47,2017,5793,8047,Central City,"5,441",388.229,149.896,0.942,0.364,389.171,150.26,39.861082,-105.528947,45.419871794871800,27.80448717948720,35.80384615384620,51.575000000000000,9.615705128205130,31.28653846153850,275.80384615384600,23.807692307692300,7.044871794871800
Gilpin,2653,1261,378,545,27,0,390,0,52,0,8,47,2018,5924,8047,Central City,"5,441",388.229,149.896,0.942,0.364,389.171,150.26,39.861082,-105.528947,45.419871794871800,27.80448717948720,35.80384615384620,51.575000000000000,9.615705128205130,31.28653846153850,275.80384615384600,23.807692307692300,7.044871794871800
Gilpin,2802,1330,349,624,0,0,363,15,121,0,8,47,2019,6018,8047,Central City,"5,441",388.229,149.896,0.942,0.364,389.171,150.26,39.861082,-105.528947,45.419871794871800,27.80448717948720,35.80384615384620,51.575000000000000,9.615705128205130,31.28653846153850,275.80384615384600,23.807692307692300,7.044871794871800
Gilpin,2860,1397,445,590,97,0,219,19,93,0,8,47,2020,6108,8047,Central City,"5,441",388.229,149.896,0.942,0.364,389.171,150.26,39.861082,-105.528947,45.419871794871800,27.80448717948720,35.80384615384620,51.575000000000000,9.615705128205130,31.28653846153850,275.80384615384600,23.807692307692300,7.044871794871800
Kit Carson,2995,1941,527,439,0,0,22,0,52,14,8,63,2017,7846,8063,Burlington,"8,270","5,596.50","2,160.82",2.252,0.869,"5,598.75","2,161.69",39.30534,-102.603023,67.75961538461540,39.10320512820510,52.733333333333300,52.843589743589700,4.674038461538460,21.517307692307700,234.5596153846150,16.60192307692310,6.685897435897440
Kit Carson,2977,2035,486,374,0,0,22,0,46,14,8,63,2018,7635,8063,Burlington,"8,270","5,596.50","2,160.82",2.252,0.869,"5,598.75","2,161.69",39.30534,-102.603023,67.75961538461540,39.10320512820510,52.733333333333300,52.843589743589700,4.674038461538460,21.517307692307700,234.5596153846150,16.60192307692310,6.685897435897440
Kit Carson,3004,2219,441,264,0,0,30,0,37,13,8,63,2019,7447,8063,Burlington,"8,270","5,596.50","2,160.82",2.252,0.869,"5,598.75","2,161.69",39.30534,-102.603023,67.75961538461540,39.10320512820510,52.733333333333300,52.843589743589700,4.674038461538460,21.517307692307700,234.5596153846150,16.60192307692310,6.685897435897440
Kit Carson,3020,2198,334,382,0,0,54,0,37,15,8,63,2020,7246,8063,Burlington,"8,270","5,596.50","2,160.82",2.252,0.869,"5,598.75","2,161.69",39.30534,-102.603023,67.75961538461540,39.10320512820510,52.733333333333300,52.843589743589700,4.674038461538460,21.517307692307700,234.5596153846150,16.60192307692310,6.685897435897440
Garfield,21055,14414,1384,3994,34,84,819,54,225,47,8,45,2017,57945,8045,Glenwood Springs,"56,389","7,634.15","2,947.56",21.431,8.274,"7,655.58","2,955.84",39.599352,-107.90978,64.31217948717950,35.717948717948700,49.457692307692300,48.72115384615390,4.193653846153850,23.65448717948720,243.29166666666700,17.261538461538500,7.487179487179490
Garfield,21138,14095,1531,4282,10,79,783,78,216,64,8,45,2018,58538,8045,Glenwood Springs,"56,389","7,634.15","2,947.56",21.431,8.274,"7,655.58","2,955.84",39.599352,-107.90978,64.31217948717950,35.717948717948700,49.457692307692300,48.72115384615390,4.193653846153850,23.65448717948720,243.29166666666700,17.261538461538500,7.487179487179490
Garfield,21498,13979,1437,4777,10,33,943,85,180,54,8,45,2019,59055,8045,Glenwood Springs,"56,389","7,634.15","2,947.56",21.431,8.274,"7,655.58","2,955.84",39.599352,-107.90978,64.31217948717950,35.717948717948700,49.457692307692300,48.72115384615390,4.193653846153850,23.65448717948720,243.29166666666700,17.261538461538500,7.487179487179490
Garfield,21586,14331,1581,4410,10,28,917,77,193,39,8,45,2020,59605,8045,Glenwood Springs,"56,389","7,634.15","2,947.56",21.431,8.274,"7,655.58","2,955.84",39.599352,-107.90978,64.31217948717950,35.717948717948700,49.457692307692300,48.72115384615390,4.193653846153850,23.65448717948720,243.29166666666700,17.261538461538500,7.487179487179490
Gunnison,6495,3159,752,1683,16,45,776,40,24,0,8,51,2017,16215,8051,Gunnison,"15,324","8,389.23","3,239.10",53.172,20.53,"8,442.40","3,259.63",38.669679,-107.078108,56.43782051282050,26.791025641025600,41.28525641025640,55.292307692307700,7.371794871794870,26.16602564102560,235.13076923076900,15.866666666666700,6.660256410256410
Gunnison,6643,3196,783,1788,14,26,742,43,42,9,8,51,2018,16537,8051,Gunnison,"15,324","8,389.23","3,239.10",53.172,20.53,"8,442.40","3,259.63",38.669679,-107.078108,56.43782051282050,26.791025641025600,41.28525641025640,55.292307692307700,7.371794871794870,26.16602564102560,235.13076923076900,15.866666666666700,6.660256410256410
Gunnison,6616,3004,755,1959,18,35,750,42,43,10,8,51,2019,16802,8051,Gunnison,"15,324","8,389.23","3,239.10",53.172,20.53,"8,442.40","3,259.63",38.669679,-107.078108,56.43782051282050,26.791025641025600,41.28525641025640,55.292307692307700,7.371794871794870,26.16602564102560,235.13076923076900,15.866666666666700,6.660256410256410
Gunnison,6824,2855,762,1888,17,41,1125,59,51,26,8,51,2020,17119,8051,Gunnison,"15,324","8,389.23","3,239.10",53.172,20.53,"8,442.40","3,259.63",38.669679,-107.078108,56.43782051282050,26.791025641025600,41.28525641025640,55.292307692307700,7.371794871794870,26.16602564102560,235.13076923076900,15.866666666666700,6.660256410256410
Jefferson,227805,173263,4756,44485,151,22,2606,476,1125,921,8,59,2017,564029,8059,Golden,"534,543","1,979.29",764.208,25.446,9.825,"2,004.74",774.033,39.58646,-105.245601,65.175,39.973076923076900,52.10448717948720,45.830128205128200,5.528782051282050,45.32435897435900,220.96858974359000,13.870512820512800,5.788461538461540
Jefferson,230153,172687,4982,47087,201,25,2447,594,1198,932,8,59,2018,570427,8059,Golden,"534,543","1,979.29",764.208,25.446,9.825,"2,004.74",774.033,39.58646,-105.245601,65.175,39.973076923076900,52.10448717948720,45.830128205128200,5.528782051282050,45.32435897435900,220.96858974359000,13.870512820512800,5.788461538461540
Jefferson,232284,172547,5117,48865,180,15,2174,848,1400,1138,8,59,2019,574798,8059,Golden,"534,543","1,979.29",764.208,25.446,9.825,"2,004.74",774.033,39.58646,-105.245601,65.175,39.973076923076900,52.10448717948720,45.830128205128200,5.528782051282050,45.32435897435900,220.96858974359000,13.870512820512800,5.788461538461540
Jefferson,229007,168562,5276,49348,169,0,1991,861,1448,1352,8,59,2020,578795,8059,Golden,"534,543","1,979.29",764.208,25.446,9.825,"2,004.74",774.033,39.58646,-105.245601,65.175,39.973076923076900,52.10448717948720,45.830128205128200,5.528782051282050,45.32435897435900,220.96858974359000,13.870512820512800,5.788461538461540
Mineral,404,21,171,90,0,0,114,5,3,0,8,79,2017,834,8079,Creede,712,"2,267.97",875.666,5.222,2.016,"2,273.19",877.682,37.651478,-106.9323,49.08974358974360,29.94423076923080,38.50064102564100,55.61730769230770,5.342051282051280,32.90384615384620,217.61217948717900,18.5724358974359,7.75
Mineral,375,24,150,72,0,0,119,5,5,0,8,79,2018,823,8079,Creede,712,"2,267.97",875.666,5.222,2.016,"2,273.19",877.682,37.651478,-106.9323,49.08974358974360,29.94423076923080,38.50064102564100,55.61730769230770,5.342051282051280,32.90384615384620,217.61217948717900,18.5724358974359,7.75
Mineral,367,27,137,63,0,0,136,0,4,0,8,79,2019,824,8079,Creede,712,"2,267.97",875.666,5.222,2.016,"2,273.19",877.682,37.651478,-106.9323,49.08974358974360,29.94423076923080,38.50064102564100,55.61730769230770,5.342051282051280,32.90384615384620,217.61217948717900,18.5724358974359,7.75
Mineral,394,30,131,73,0,0,157,0,3,0,8,79,2020,853,8079,Creede,712,"2,267.97",875.666,5.222,2.016,"2,273.19",877.682,37.651478,-106.9323,49.08974358974360,29.94423076923080,38.50064102564100,55.61730769230770,5.342051282051280,32.90384615384620,217.61217948717900,18.5724358974359,7.75
Ouray,2204,909,656,225,0,0,359,37,12,6,8,91,2017,4653,8091,Ouray,"4,436","1,402.72",541.593,1.6,0.618,"1,404.32",542.211,38.1506,-107.767133,57.00064102564100,36.74487179487180,46.43141025641030,45.47115384615390,5.582307692307690,31.28846153846150,267.9666666666670,16.15705128205130,7.262820512820510
Ouray,2194,943,606,284,0,0,322,24,9,6,8,91,2018,4722,8091,Ouray,"4,436","1,402.72",541.593,1.6,0.618,"1,404.32",542.211,38.1506,-107.767133,57.00064102564100,36.74487179487180,46.43141025641030,45.47115384615390,5.582307692307690,31.28846153846150,267.9666666666670,16.15705128205130,7.262820512820510
Ouray,2163,967,588,289,0,0,285,21,8,5,8,91,2019,4796,8091,Ouray,"4,436","1,402.72",541.593,1.6,0.618,"1,404.32",542.211,38.1506,-107.767133,57.00064102564100,36.74487179487180,46.43141025641030,45.47115384615390,5.582307692307690,31.28846153846150,267.9666666666670,16.15705128205130,7.262820512820510
Ouray,2259,1088,487,335,0,0,312,23,9,5,8,91,2020,4890,8091,Ouray,"4,436","1,402.72",541.593,1.6,0.618,"1,404.32",542.211,38.1506,-107.767133,57.00064102564100,36.74487179487180,46.43141025641030,45.47115384615390,5.582307692307690,31.28846153846150,267.9666666666670,16.15705128205130,7.262820512820510
Rio Blanco,2417,1463,290,476,0,0,136,0,41,11,8,103,2017,6557,8103,Meeker,"6,666","8,342.18","3,220.93",4.868,1.88,"8,347.05","3,222.81",39.972606,-108.200685,60.325,30.682692307692300,45.39358974358970,51.976282051282100,4.246923076923080,25.394871794871800,274.30128205128200,18.144871794871800,7.397435897435900
Rio Blanco,2403,1461,279,488,0,0,129,0,34,12,8,103,2018,6465,8103,Meeker,"6,666","8,342.18","3,220.93",4.868,1.88,"8,347.05","3,222.81",39.972606,-108.200685,60.325,30.682692307692300,45.39358974358970,51.976282051282100,4.246923076923080,25.394871794871800,274.30128205128200,18.144871794871800,7.397435897435900
Rio Blanco,2301,1353,238,509,0,0,162,0,23,16,8,103,2019,6384,8103,Meeker,"6,666","8,342.18","3,220.93",4.868,1.88,"8,347.05","3,222.81",39.972606,-108.200685,60.325,30.682692307692300,45.39358974358970,51.976282051282100,4.246923076923080,25.394871794871800,274.30128205128200,18.144871794871800,7.397435897435900
Rio Blanco,2513,1522,257,508,0,6,145,10,57,8,8,103,2020,6369,8103,Meeker,"6,666","8,342.18","3,220.93",4.868,1.88,"8,347.05","3,222.81",39.972606,-108.200685,60.325,30.682692307692300,45.39358974358970,51.976282051282100,4.246923076923080,25.394871794871800,274.30128205128200,18.144871794871800,7.397435897435900
Sedgwick,998,562,197,221,1,4,9,0,4,0,8,115,2017,2357,8115,Julesburg,"2,379","1,419.42",548.041,3.531,1.363,"1,422.95",549.404,40.871568,-102.355358,66.96923076923080,38.547435897435900,51.87371794871800,57.542307692307700,3.579038461538460,19.683974358974400,230.92756410256400,16.906410256410300,6.743589743589740
Sedgwick,1017,585,222,190,2,0,10,0,8,0,8,115,2018,2350,8115,Julesburg,"2,379","1,419.42",548.041,3.531,1.363,"1,422.95",549.404,40.871568,-102.355358,66.96923076923080,38.547435897435900,51.87371794871800,57.542307692307700,3.579038461538460,19.683974358974400,230.92756410256400,16.906410256410300,6.743589743589740
Sedgwick,967,532,209,208,0,0,5,0,11,2,8,115,2019,2322,8115,Julesburg,"2,379","1,419.42",548.041,3.531,1.363,"1,422.95",549.404,40.871568,-102.355358,66.96923076923080,38.547435897435900,51.87371794871800,57.542307692307700,3.579038461538460,19.683974358974400,230.92756410256400,16.906410256410300,6.743589743589740
Sedgwick,954,558,178,200,0,0,10,0,6,2,8,115,2020,2306,8115,Julesburg,"2,379","1,419.42",548.041,3.531,1.363,"1,422.95",549.404,40.871568,-102.355358,66.96923076923080,38.547435897435900,51.87371794871800,57.542307692307700,3.579038461538460,19.683974358974400,230.92756410256400,16.906410256410300,6.743589743589740
Weld,99817,74409,7418,15415,196,3,1166,152,737,321,8,123,2017,285729,8123,Greeley,"252,825","10,326.90","3,987.24",76.554,29.558,"10,403.45","4,016.80",40.555794,-104.383649,65.50897435897440,35.312820512820500,49.631410256410300,55.41089743589740,4.487307692307690,21.296794871794900,237.36666666666700,17.240384615384600,7.032051282051280
Weld,102101,75693,7689,16088,145,16,1135,319,665,351,8,123,2018,295123,8123,Greeley,"252,825","10,326.90","3,987.24",76.554,29.558,"10,403.45","4,016.80",40.555794,-104.383649,65.50897435897440,35.312820512820500,49.631410256410300,55.41089743589740,4.487307692307690,21.296794871794900,237.36666666666700,17.240384615384600,7.032051282051280
Weld,104671,77851,7643,16449,180,17,1101,387,732,311,8,123,2019,305345,8123,Greeley,"252,825","10,326.90","3,987.24",76.554,29.558,"10,403.45","4,016.80",40.555794,-104.383649,65.50897435897440,35.312820512820500,49.631410256410300,55.41089743589740,4.487307692307690,21.296794871794900,237.36666666666700,17.240384615384600,7.032051282051280
Weld,102046,74970,7786,16503,160,19,1046,339,811,412,8,123,2020,315389,8123,Greeley,"252,825","10,326.90","3,987.24",76.554,29.558,"10,403.45","4,016.80",40.555794,-104.383649,65.50897435897440,35.312820512820500,49.631410256410300,55.41089743589740,4.487307692307690,21.296794871794900,237.36666666666700,17.240384615384600,7.032051282051280
Conejos,2992,1216,388,304,30,2,1020,5,27,0,8,21,2017,8147,8021,Conejos,"8,256","3,334.33","1,287.39",9.235,3.566,"3,343.56","1,290.96",37.213407,-106.176447,57.44102564102560,28.362820512820500,42.467948717948700,51.294230769230800,6.303397435897440,23.125,271.2083333333330,16.589102564102600,7.1923076923076900
Conejos,3068,1214,443,386,13,2,979,6,17,8,8,21,2018,8142,8021,Conejos,"8,256","3,334.33","1,287.39",9.235,3.566,"3,343.56","1,290.96",37.213407,-106.176447,57.44102564102560,28.362820512820500,42.467948717948700,51.294230769230800,6.303397435897440,23.125,271.2083333333330,16.589102564102600,7.1923076923076900
Conejos,3183,1308,475,295,22,8,1020,12,33,10,8,21,2019,8128,8021,Conejos,"8,256","3,334.33","1,287.39",9.235,3.566,"3,343.56","1,290.96",37.213407,-106.176447,57.44102564102560,28.362820512820500,42.467948717948700,51.294230769230800,6.303397435897440,23.125,271.2083333333330,16.589102564102600,7.1923076923076900
Conejos,3222,1369,412,428,27,9,917,14,36,10,8,21,2020,8130,8021,Conejos,"8,256","3,334.33","1,287.39",9.235,3.566,"3,343.56","1,290.96",37.213407,-106.176447,57.44102564102560,28.362820512820500,42.467948717948700,51.294230769230800,6.303397435897440,23.125,271.2083333333330,16.589102564102600,7.1923076923076900
Custer,2093,80,1020,262,3,11,646,44,12,15,8,27,2017,4505,8027,Westcliffe,"4,255","1,913.03",738.625,3.365,1.299,"1,916.40",739.924,38.101994,-105.373515,61.407051282051300,34.64230769230770,47.09615384615390,47.57115384615390,5.74275641025641,21.39294871794870,256.41410256410300,15.962179487179500,7.397435897435900
Custer,2083,60,1034,296,0,8,593,77,12,3,8,27,2018,4640,8027,Westcliffe,"4,255","1,913.03",738.625,3.365,1.299,"1,916.40",739.924,38.101994,-105.373515,61.407051282051300,34.64230769230770,47.09615384615390,47.57115384615390,5.74275641025641,21.39294871794870,256.41410256410300,15.962179487179500,7.397435897435900
Custer,2214,52,1204,326,0,7,545,56,24,0,8,27,2019,4776,8027,Westcliffe,"4,255","1,913.03",738.625,3.365,1.299,"1,916.40",739.924,38.101994,-105.373515,61.407051282051300,34.64230769230770,47.09615384615390,47.57115384615390,5.74275641025641,21.39294871794870,256.41410256410300,15.962179487179500,7.397435897435900
Custer,2310,82,1335,327,0,0,488,48,30,0,8,27,2020,4941,8027,Westcliffe,"4,255","1,913.03",738.625,3.365,1.299,"1,916.40",739.924,38.101994,-105.373515,61.407051282051300,34.64230769230770,47.09615384615390,47.57115384615390,5.74275641025641,21.39294871794870,256.41410256410300,15.962179487179500,7.397435897435900
Costilla,1568,109,679,177,96,0,450,5,52,0,8,23,2017,3628,8023,San Luis,"3,524","3,177.79","1,226.95",8.829,3.409,"3,186.62","1,230.36",37.277547,-105.42894,57.08141025641030,28.64679487179490,42.11987179487180,51.46217948717950,4.166602564102560,22.65128205128210,241.58910256410300,16.05320512820510,7.653846153846150
Costilla,1687,131,716,155,86,0,491,6,102,0,8,23,2018,3687,8023,San Luis,"3,524","3,177.79","1,226.95",8.829,3.409,"3,186.62","1,230.36",37.277547,-105.42894,57.08141025641030,28.64679487179490,42.11987179487180,51.46217948717950,4.166602564102560,22.65128205128210,241.58910256410300,16.05320512820510,7.653846153846150
Costilla,1746,101,833,181,78,0,446,6,101,0,8,23,2019,3745,8023,San Luis,"3,524","3,177.79","1,226.95",8.829,3.409,"3,186.62","1,230.36",37.277547,-105.42894,57.08141025641030,28.64679487179490,42.11987179487180,51.46217948717950,4.166602564102560,22.65128205128210,241.58910256410300,16.05320512820510,7.653846153846150
Costilla,1620,78,701,238,91,0,409,7,96,0,8,23,2020,3810,8023,San Luis,"3,524","3,177.79","1,226.95",8.829,3.409,"3,186.62","1,230.36",37.277547,-105.42894,57.08141025641030,28.64679487179490,42.11987179487180,51.46217948717950,4.166602564102560,22.65128205128210,241.58910256410300,16.05320512820510,7.653846153846150
Adams,162508,119563,2731,38685,96,18,319,231,506,359,8,1,2017,487850,8001,Brighton,"441,603","3,024.21","1,167.65",42.07,16.243,"3,066.28","1,183.90",39.874325,-104.331872,65.98653846153850,39.743589743589700,52.21666666666670,46.73461538461540,5.128076923076920,51.708333333333300,267.44679487179500,15.969230769230800,7.044871794871800
Adams,164353,120690,2642,39243,89,20,309,303,657,400,8,1,2018,497115,8001,Brighton,"441,603","3,024.21","1,167.65",42.07,16.243,"3,066.28","1,183.90",39.874325,-104.331872,65.98653846153850,39.743589743589700,52.21666666666670,46.73461538461540,5.128076923076920,51.708333333333300,267.44679487179500,15.969230769230800,7.044871794871800
Adams,166450,121111,2294,40776,121,15,393,386,718,636,8,1,2019,504108,8001,Brighton,"441,603","3,024.21","1,167.65",42.07,16.243,"3,066.28","1,183.90",39.874325,-104.331872,65.98653846153850,39.743589743589700,52.21666666666670,46.73461538461540,5.128076923076920,51.708333333333300,267.44679487179500,15.969230769230800,7.044871794871800
Adams,167290,120773,2533,41099,136,18,504,600,713,914,8,1,2020,509844,8001,Brighton,"441,603","3,024.21","1,167.65",42.07,16.243,"3,066.28","1,183.90",39.874325,-104.331872,65.98653846153850,39.743589743589700,52.21666666666670,46.73461538461540,5.128076923076920,51.708333333333300,267.44679487179500,15.969230769230800,7.044871794871800
Douglas,113799,89726,3129,19947,28,0,411,153,243,162,8,35,2017,320940,8035,Castle Rock,"285,465","2,176.23",840.248,6.789,2.621,"2,183.02",842.869,39.326435,-104.926199,62.60961538461540,37.6775641025641,49.63846153846150,45.51602564102560,6.009743589743590,39.205128205128200,277.97051282051300,17.287820512820500,7.019230769230770
Douglas,117426,91437,3219,21737,26,0,377,185,251,194,8,35,2018,328614,8035,Castle Rock,"285,465","2,176.23",840.248,6.789,2.621,"2,183.02",842.869,39.326435,-104.926199,62.60961538461540,37.6775641025641,49.63846153846150,45.51602564102560,6.009743589743590,39.205128205128200,277.97051282051300,17.287820512820500,7.019230769230770
Douglas,120709,93056,3451,23004,27,0,431,275,285,180,8,35,2019,336041,8035,Castle Rock,"285,465","2,176.23",840.248,6.789,2.621,"2,183.02",842.869,39.326435,-104.926199,62.60961538461540,37.6775641025641,49.63846153846150,45.51602564102560,6.009743589743590,39.205128205128200,277.97051282051300,17.287820512820500,7.019230769230770
Douglas,121492,92828,3190,24038,23,16,364,533,271,229,8,35,2020,344280,8035,Castle Rock,"285,465","2,176.23",840.248,6.789,2.621,"2,183.02",842.869,39.326435,-104.926199,62.60961538461540,37.6775641025641,49.63846153846150,45.51602564102560,6.009743589743590,39.205128205128200,277.97051282051300,17.287820512820500,7.019230769230770
Eagle,17765,11467,607,4934,6,6,445,102,183,15,8,37,2017,53726,8037,Eagle,"52,197","4,362.91","1,684.53",18.806,7.261,"4,381.72","1,691.79",39.630638,-106.692944,58.20128205128210,31.227564102564100,44.175000000000000,51.85705128205130,7.185128205128210,31.73589743589740,246.4673076923080,16.257692307692300,6.961538461538460
Eagle,17750,11512,719,4778,8,7,442,100,172,12,8,37,2018,54357,8037,Eagle,"52,197","4,362.91","1,684.53",18.806,7.261,"4,381.72","1,691.79",39.630638,-106.692944,58.20128205128210,31.227564102564100,44.175000000000000,51.85705128205130,7.185128205128210,31.73589743589740,246.4673076923080,16.257692307692300,6.961538461538460
Eagle,18171,11534,786,5165,0,0,373,71,217,25,8,37,2019,54681,8037,Eagle,"52,197","4,362.91","1,684.53",18.806,7.261,"4,381.72","1,691.79",39.630638,-106.692944,58.20128205128210,31.227564102564100,44.175000000000000,51.85705128205130,7.185128205128210,31.73589743589740,246.4673076923080,16.257692307692300,6.961538461538460
Eagle,18667,11174,779,6168,0,0,344,45,149,8,8,37,2020,54960,8037,Eagle,"52,197","4,362.91","1,684.53",18.806,7.261,"4,381.72","1,691.79",39.630638,-106.692944,58.20128205128210,31.227564102564100,44.175000000000000,51.85705128205130,7.185128205128210,31.73589743589740,246.4673076923080,16.257692307692300,6.961538461538460
Lake,3324,2010,392,523,71,0,289,0,39,0,8,65,2017,7481,8065,Durango,"7,310",976.194,376.911,18.124,6.998,994.319,383.909,39.204316,-106.349696,49.30769230769230,23.037820512820500,36.260897435897400,53.86153846153850,5.84948717948718,37.10705128205130,202.5352564102560,16.230128205128200,6.8076923076923100
Lake,3353,1883,389,583,91,7,355,0,45,0,8,65,2018,7585,8065,Durango,"7,310",976.194,376.911,18.124,6.998,994.319,383.909,39.204316,-106.349696,49.30769230769230,23.037820512820500,36.260897435897400,53.86153846153850,5.84948717948718,37.10705128205130,202.5352564102560,16.230128205128200,6.8076923076923100
Lake,3392,1872,476,621,74,5,282,0,62,0,8,65,2019,7751,8065,Durango,"7,310",976.194,376.911,18.124,6.998,994.319,383.909,39.204316,-106.349696,49.30769230769230,23.037820512820500,36.260897435897400,53.86153846153850,5.84948717948718,37.10705128205130,202.5352564102560,16.230128205128200,6.8076923076923100
Lake,3275,1644,493,706,81,8,272,0,71,0,8,65,2020,7845,8065,Durango,"7,310",976.194,376.911,18.124,6.998,994.319,383.909,39.204316,-106.349696,49.30769230769230,23.037820512820500,36.260897435897400,53.86153846153850,5.84948717948718,37.10705128205130,202.5352564102560,16.230128205128200,6.8076923076923100
La Plata,21818,10193,5285,3317,22,152,2352,244,220,33,8,67,2017,54469,8067,Leadville,"51,334","4,382.46","1,692.08",19.76,7.629,"4,402.22","1,699.71",37.287367,-107.839718,64.01666666666670,34.40256410256410,49.08653846153850,49.795512820512800,3.9798717948717900,20.798076923076900,227.53589743589700,17.965384615384600,7.621794871794870
La Plata,21793,10489,5184,3310,27,121,2160,206,235,61,8,67,2018,55101,8067,Leadville,"51,334","4,382.46","1,692.08",19.76,7.629,"4,402.22","1,699.71",37.287367,-107.839718,64.01666666666670,34.40256410256410,49.08653846153850,49.795512820512800,3.9798717948717900,20.798076923076900,227.53589743589700,17.965384615384600,7.621794871794870
La Plata,21794,10472,5170,3539,21,119,1978,243,193,59,8,67,2019,55617,8067,Leadville,"51,334","4,382.46","1,692.08",19.76,7.629,"4,402.22","1,699.71",37.287367,-107.839718,64.01666666666670,34.40256410256410,49.08653846153850,49.795512820512800,3.9798717948717900,20.798076923076900,227.53589743589700,17.965384615384600,7.621794871794870
La Plata,21370,10846,4695,3690,19,60,1677,159,148,76,8,67,2020,56138,8067,Leadville,"51,334","4,382.46","1,692.08",19.76,7.629,"4,402.22","1,699.71",37.287367,-107.839718,64.01666666666670,34.40256410256410,49.08653846153850,49.795512820512800,3.9798717948717900,20.798076923076900,227.53589743589700,17.965384615384600,7.621794871794870
Moffat,5103,3360,543,686,0,99,317,24,61,13,8,81,2017,13056,8081,Craig,"13,795","12,285.07","4,743.29",19.742,7.622,"12,304.81","4,750.91",40.573984,-108.204521,59.375,29.597435897435900,44.3224358974359,53.95641025641030,5.502179487179490,26.759615384615400,278.59294871794900,18.060897435897400,7.371794871794870
Moffat,5210,3442,594,706,0,72,269,20,77,30,8,81,2018,13060,8081,Craig,"13,795","12,285.07","4,743.29",19.742,7.622,"12,304.81","4,750.91",40.573984,-108.204521,59.375,29.597435897435900,44.3224358974359,53.95641025641030,5.502179487179490,26.759615384615400,278.59294871794900,18.060897435897400,7.371794871794870
Moffat,5366,3403,659,896,0,34,259,15,68,32,8,81,2019,13127,8081,Craig,"13,795","12,285.07","4,743.29",19.742,7.622,"12,304.81","4,750.91",40.573984,-108.204521,59.375,29.597435897435900,44.3224358974359,53.95641025641030,5.502179487179490,26.759615384615400,278.59294871794900,18.060897435897400,7.371794871794870
Moffat,5218,3234,702,907,0,40,196,19,100,20,8,81,2020,13150,8081,Craig,"13,795","12,285.07","4,743.29",19.742,7.622,"12,304.81","4,750.91",40.573984,-108.204521,59.375,29.597435897435900,44.3224358974359,53.95641025641030,5.502179487179490,26.759615384615400,278.59294871794900,18.060897435897400,7.371794871794870
Pitkin,7340,3783,510,2755,16,0,204,0,49,23,8,97,2017,17747,8097,Aspen,"17,148","2,514.09",970.697,6.469,2.498,"2,520.56",973.195,39.217533,-106.915943,57.31089743589740,30.815384615384600,43.6,51.32435897435900,4.647628205128210,33.17884615384620,239.6269230769230,17.103846153846200,7.012820512820510
Pitkin,7018,3570,471,2706,7,0,217,0,33,14,8,97,2018,17909,8097,Aspen,"17,148","2,514.09",970.697,6.469,2.498,"2,520.56",973.195,39.217533,-106.915943,57.31089743589740,30.815384615384600,43.6,51.32435897435900,4.647628205128210,33.17884615384620,239.6269230769230,17.103846153846200,7.012820512820510
Pitkin,7467,4019,445,2728,0,0,217,0,35,23,8,97,2019,17926,8097,Aspen,"17,148","2,514.09",970.697,6.469,2.498,"2,520.56",973.195,39.217533,-106.915943,57.31089743589740,30.815384615384600,43.6,51.32435897435900,4.647628205128210,33.17884615384620,239.6269230769230,17.103846153846200,7.012820512820510
Pitkin,7424,4014,501,2606,0,0,213,6,58,26,8,97,2020,17980,8097,Aspen,"17,148","2,514.09",970.697,6.469,2.498,"2,520.56",973.195,39.217533,-106.915943,57.31089743589740,30.815384615384600,43.6,51.32435897435900,4.647628205128210,33.17884615384620,239.6269230769230,17.103846153846200,7.012820512820510
Rio Grande,4750,1775,927,816,14,0,1097,76,39,6,8,105,2017,11430,8105,Del Norte,"11,982","2,361.96",911.958,0.984,0.38,"2,362.94",912.338,37.485763,-106.453214,52.12564102564100,29.773076923076900,40.18205128205130,51.57371794871800,7.2114102564102600,27.621794871794900,264.59423076923100,16.889743589743600,7.378205128205130
Rio Grande,4504,1720,904,800,12,0,943,78,41,6,8,105,2018,11351,8105,Del Norte,"11,982","2,361.96",911.958,0.984,0.38,"2,362.94",912.338,37.485763,-106.453214,52.12564102564100,29.773076923076900,40.18205128205130,51.57371794871800,7.2114102564102600,27.621794871794900,264.59423076923100,16.889743589743600,7.378205128205130
Rio Grande,4823,1888,879,951,19,0,930,74,75,7,8,105,2019,11305,8105,Del Norte,"11,982","2,361.96",911.958,0.984,0.38,"2,362.94",912.338,37.485763,-106.453214,52.12564102564100,29.773076923076900,40.18205128205130,51.57371794871800,7.2114102564102600,27.621794871794900,264.59423076923100,16.889743589743600,7.378205128205130
Rio Grande,4737,1776,868,1049,21,0,892,57,67,7,8,105,2020,11300,8105,Del Norte,"11,982","2,361.96",911.958,0.984,0.38,"2,362.94",912.338,37.485763,-106.453214,52.12564102564100,29.773076923076900,40.18205128205130,51.57371794871800,7.2114102564102600,27.621794871794900,264.59423076923100,16.889743589743600,7.378205128205130
Cheyenne,776,400,257,83,0,0,18,0,18,0,8,17,2017,2127,8017,Cheyenne Wells,"1,836","4,605.71","1,778.28",8.166,3.153,"4,613.88","1,781.43",38.835387,-102.604585,67.85384615384620,38.93653846153850,52.74807692307690,52.577564102564100,2.670897435897440,21.518589743589700,205.86602564102600,17.057051282051300,6.967948717948720
Cheyenne,742,396,219,92,5,0,14,0,16,0,8,17,2018,2039,8017,Cheyenne Wells,"1,836","4,605.71","1,778.28",8.166,3.153,"4,613.88","1,781.43",38.835387,-102.604585,67.85384615384620,38.93653846153850,52.74807692307690,52.577564102564100,2.670897435897440,21.518589743589700,205.86602564102600,17.057051282051300,6.967948717948720
Cheyenne,774,396,253,101,5,0,10,0,9,0,8,17,2019,2026,8017,Cheyenne Wells,"1,836","4,605.71","1,778.28",8.166,3.153,"4,613.88","1,781.43",38.835387,-102.604585,67.85384615384620,38.93653846153850,52.74807692307690,52.577564102564100,2.670897435897440,21.518589743589700,205.86602564102600,17.057051282051300,6.967948717948720
Cheyenne,804,415,230,119,5,0,31,0,4,0,8,17,2020,1999,8017,Cheyenne Wells,"1,836","4,605.71","1,778.28",8.166,3.153,"4,613.88","1,781.43",38.835387,-102.604585,67.85384615384620,38.93653846153850,52.74807692307690,52.577564102564100,2.670897435897440,21.518589743589700,205.86602564102600,17.057051282051300,6.967948717948720
Bent,1760,1126,369,155,0,9,88,0,13,0,8,11,2017,5806,8011,Las Animas,"6,499","3,918.29","1,512.86",73.094,28.222,"3,991.39","1,541.08",37.931891,-103.077584,71.05064102564100,39.864102564102600,54.68974358974360,50.27628205128210,4.033205128205130,17.592307692307700,241.38589743589700,17.306410256410300,7.211538461538460
Bent,1744,1136,349,146,0,11,90,0,12,0,8,11,2018,5809,8011,Las Animas,"6,499","3,918.29","1,512.86",73.094,28.222,"3,991.39","1,541.08",37.931891,-103.077584,71.05064102564100,39.864102564102600,54.68974358974360,50.27628205128210,4.033205128205130,17.592307692307700,241.38589743589700,17.306410256410300,7.211538461538460
Bent,1767,1244,312,133,0,10,56,0,12,0,8,11,2019,5787,8011,Las Animas,"6,499","3,918.29","1,512.86",73.094,28.222,"3,991.39","1,541.08",37.931891,-103.077584,71.05064102564100,39.864102564102600,54.68974358974360,50.27628205128210,4.033205128205130,17.592307692307700,241.38589743589700,17.306410256410300,7.211538461538460
Bent,1879,1330,313,129,0,8,68,3,28,0,8,11,2020,5677,8011,Las Animas,"6,499","3,918.29","1,512.86",73.094,28.222,"3,991.39","1,541.08",37.931891,-103.077584,71.05064102564100,39.864102564102600,54.68974358974360,50.27628205128210,4.033205128205130,17.592307692307700,241.38589743589700,17.306410256410300,7.211538461538460
Crowley,1215,721,215,203,0,0,74,0,0,2,8,25,2017,5514,8025,Ordway,"5,823","2,039.41",787.421,33.43,12.908,"2,072.84",800.329,38.321956,-103.787562,70.74935897435900,40.27756410256410,54.63653846153850,48.31666666666670,4.888076923076920,16.008333333333300,250.95833333333300,16.68846153846150,6.967948717948720
Crowley,1194,790,190,123,0,0,86,0,0,5,8,25,2018,5630,8025,Ordway,"5,823","2,039.41",787.421,33.43,12.908,"2,072.84",800.329,38.321956,-103.787562,70.74935897435900,40.27756410256410,54.63653846153850,48.31666666666670,4.888076923076920,16.008333333333300,250.95833333333300,16.68846153846150,6.967948717948720
Crowley,1301,859,195,138,0,0,105,0,0,4,8,25,2019,5754,8025,Ordway,"5,823","2,039.41",787.421,33.43,12.908,"2,072.84",800.329,38.321956,-103.787562,70.74935897435900,40.27756410256410,54.63653846153850,48.31666666666670,4.888076923076920,16.008333333333300,250.95833333333300,16.68846153846150,6.967948717948720
Crowley,1421,940,249,114,0,0,113,0,0,5,8,25,2020,5733,8025,Ordway,"5,823","2,039.41",787.421,33.43,12.908,"2,072.84",800.329,38.321956,-103.787562,70.74935897435900,40.27756410256410,54.63653846153850,48.31666666666670,4.888076923076920,16.008333333333300,250.95833333333300,16.68846153846150,6.967948717948720
Dolores,707,205,248,66,6,0,182,0,0,0,8,33,2017,1736,8033,Dove Creek,"2,064","2,763.65","1,067.05",2.716,1.049,"2,766.37","1,068.10",37.747602,-108.530383,60.48397435897440,36.662179487179500,48.24166666666670,46.079487179487200,3.6326282051282100,25.5525641025641,277.4314102564100,19.758333333333300,7.852564102564100
Dolores,740,202,280,73,6,0,173,0,6,0,8,33,2018,1841,8033,Dove Creek,"2,064","2,763.65","1,067.05",2.716,1.049,"2,766.37","1,068.10",37.747602,-108.530383,60.48397435897440,36.662179487179500,48.24166666666670,46.079487179487200,3.6326282051282100,25.5525641025641,277.4314102564100,19.758333333333300,7.852564102564100
Dolores,759,225,299,88,0,0,136,0,11,0,8,33,2019,1857,8033,Dove Creek,"2,064","2,763.65","1,067.05",2.716,1.049,"2,766.37","1,068.10",37.747602,-108.530383,60.48397435897440,36.662179487179500,48.24166666666670,46.079487179487200,3.6326282051282100,25.5525641025641,277.4314102564100,19.758333333333300,7.852564102564100
Dolores,930,366,358,52,0,0,127,0,27,0,8,33,2020,1896,8033,Dove Creek,"2,064","2,763.65","1,067.05",2.716,1.049,"2,766.37","1,068.10",37.747602,-108.530383,60.48397435897440,36.662179487179500,48.24166666666670,46.079487179487200,3.6326282051282100,25.5525641025641,277.4314102564100,19.758333333333300,7.852564102564100
San Juan,255,13,126,36,0,6,69,0,5,0,8,111,2017,569,8111,Silverton,699,"1,003.59",387.488,2.036,0.786,"1,005.62",388.274,37.781075,-107.670257,55.367948717948700,35.51474358974360,44.975641025641000,45.78589743589740,3.899551282051280,33.885897435897400,263.9365384615390,16.121153846153800,7.096153846153850
San Juan,266,14,147,37,0,7,59,0,2,0,8,111,2018,544,8111,Silverton,699,"1,003.59",387.488,2.036,0.786,"1,005.62",388.274,37.781075,-107.670257,55.367948717948700,35.51474358974360,44.975641025641000,45.78589743589740,3.899551282051280,33.885897435897400,263.9365384615390,16.121153846153800,7.096153846153850
San Juan,289,33,150,42,0,13,49,0,2,0,8,111,2019,589,8111,Silverton,699,"1,003.59",387.488,2.036,0.786,"1,005.62",388.274,37.781075,-107.670257,55.367948717948700,35.51474358974360,44.975641025641000,45.78589743589740,3.899551282051280,33.885897435897400,263.9365384615390,16.121153846153800,7.096153846153850
San Juan,297,32,152,46,0,11,55,0,1,0,8,111,2020,646,8111,Silverton,699,"1,003.59",387.488,2.036,0.786,"1,005.62",388.274,37.781075,-107.670257,55.367948717948700,35.51474358974360,44.975641025641000,45.78589743589740,3.899551282051280,33.885897435897400,263.9365384615390,16.121153846153800,7.096153846153850
Jackson,597,122,77,199,0,0,188,0,11,0,8,57,2017,1372,8057,Walden,"1,394","4,179.52","1,613.72",18.75,7.239,"4,198.27","1,620.96",40.663432,-106.329248,52.47179487179490,24.812179487179500,38.85,54.993589743589700,3.926282051282050,30.690384615384600,249.0326923076920,17.261538461538500,7.230769230769230
Jackson,575,125,63,192,0,0,187,0,8,0,8,57,2018,1296,8057,Walden,"1,394","4,179.52","1,613.72",18.75,7.239,"4,198.27","1,620.96",40.663432,-106.329248,52.47179487179490,24.812179487179500,38.85,54.993589743589700,3.926282051282050,30.690384615384600,249.0326923076920,17.261538461538500,7.230769230769230
Jackson,558,140,69,168,0,0,181,0,0,0,8,57,2019,1261,8057,Walden,"1,394","4,179.52","1,613.72",18.75,7.239,"4,198.27","1,620.96",40.663432,-106.329248,52.47179487179490,24.812179487179500,38.85,54.993589743589700,3.926282051282050,30.690384615384600,249.0326923076920,17.261538461538500,7.230769230769230
Jackson,635,168,64,266,0,0,137,0,0,0,8,57,2020,1316,8057,Walden,"1,394","4,179.52","1,613.72",18.75,7.239,"4,198.27","1,620.96",40.663432,-106.329248,52.47179487179490,24.812179487179500,38.85,54.993589743589700,3.926282051282050,30.690384615384600,249.0326923076920,17.261538461538500,7.230769230769230
Larimer,130502,93933,5856,27649,127,40,1748,260,546,343,8,69,2017,330976,8069,Fort Collins,"299,630","6,723.61","2,596.00",98.295,37.952,"6,821.91","2,633.95",40.663091,-105.482131,63.6301282051282,37.06794871794870,49.83653846153850,54.3775641025641,9.107948717948720,20.01410256410260,226.27179487179500,15.035897435897400,6.532051282051280
Larimer,133527,96320,6063,27991,85,46,1766,266,609,381,8,69,2018,338161,8069,Fort Collins,"299,630","6,723.61","2,596.00",98.295,37.952,"6,821.91","2,633.95",40.663091,-105.482131,63.6301282051282,37.06794871794870,49.83653846153850,54.3775641025641,9.107948717948720,20.01410256410260,226.27179487179500,15.035897435897400,6.532051282051280
Larimer,137021,98693,5976,29085,97,30,1779,326,668,367,8,69,2019,344786,8069,Fort Collins,"299,630","6,723.61","2,596.00",98.295,37.952,"6,821.91","2,633.95",40.663091,-105.482131,63.6301282051282,37.06794871794870,49.83653846153850,54.3775641025641,9.107948717948720,20.01410256410260,226.27179487179500,15.035897435897400,6.532051282051280
Larimer,134185,97160,5919,27992,77,40,1671,376,498,452,8,69,2020,350523,8069,Fort Collins,"299,630","6,723.61","2,596.00",98.295,37.952,"6,821.91","2,633.95",40.663091,-105.482131,63.6301282051282,37.06794871794870,49.83653846153850,54.3775641025641,9.107948717948720,20.01410256410260,226.27179487179500,15.035897435897400,6.532051282051280
Logan,8151,4900,1127,1944,11,0,94,0,69,6,8,75,2017,21885,8075,Sterling,"22,709","4,761.81","1,838.55",16.364,6.318,"4,778.18","1,844.87",40.728091,-103.090464,65.63397435897440,35.59102564102560,49.93333333333330,58.8724358974359,2.697628205128210,22.775641025641000,234.02628205128200,16.613461538461500,6.6923076923076900
Logan,8183,4884,1083,2019,7,0,103,0,82,5,8,75,2018,21689,8075,Sterling,"22,709","4,761.81","1,838.55",16.364,6.318,"4,778.18","1,844.87",40.728091,-103.090464,65.63397435897440,35.59102564102560,49.93333333333330,58.8724358974359,2.697628205128210,22.775641025641000,234.02628205128200,16.613461538461500,6.6923076923076900
Logan,8393,4956,1229,2041,4,0,109,0,51,3,8,75,2019,22380,8075,Sterling,"22,709","4,761.81","1,838.55",16.364,6.318,"4,778.18","1,844.87",40.728091,-103.090464,65.63397435897440,35.59102564102560,49.93333333333330,58.8724358974359,2.697628205128210,22.775641025641000,234.02628205128200,16.613461538461500,6.6923076923076900
Logan,8301,4656,1180,2320,1,0,98,0,42,4,8,75,2020,22282,8075,Sterling,"22,709","4,761.81","1,838.55",16.364,6.318,"4,778.18","1,844.87",40.728091,-103.090464,65.63397435897440,35.59102564102560,49.93333333333330,58.8724358974359,2.697628205128210,22.775641025641000,234.02628205128200,16.613461538461500,6.6923076923076900
Montezuma,10520,4115,2761,1501,19,25,1839,25,224,11,8,83,2017,25770,8083,Cortez,"25,535","5,256.45","2,029.53",27.517,10.624,"5,283.97","2,040.15",37.338025,-108.595786,66.15192307692310,35.18333333333330,50.636538461538500,48.65833333333330,1.9766025641025600,18.4275641025641,237.9096153846150,16.68653846153850,7.3076923076923100
Montezuma,10615,4009,2972,1567,67,26,1741,24,198,11,8,83,2018,25909,8083,Cortez,"25,535","5,256.45","2,029.53",27.517,10.624,"5,283.97","2,040.15",37.338025,-108.595786,66.15192307692310,35.18333333333330,50.636538461538500,48.65833333333330,1.9766025641025600,18.4275641025641,237.9096153846150,16.68653846153850,7.3076923076923100
Montezuma,10655,3910,3122,1661,55,69,1678,0,158,2,8,83,2019,26031,8083,Cortez,"25,535","5,256.45","2,029.53",27.517,10.624,"5,283.97","2,040.15",37.338025,-108.595786,66.15192307692310,35.18333333333330,50.636538461538500,48.65833333333330,1.9766025641025600,18.4275641025641,237.9096153846150,16.68653846153850,7.3076923076923100
Montezuma,10521,4098,3171,1649,57,76,1300,9,161,0,8,83,2020,26266,8083,Cortez,"25,535","5,256.45","2,029.53",27.517,10.624,"5,283.97","2,040.15",37.338025,-108.595786,66.15192307692310,35.18333333333330,50.636538461538500,48.65833333333330,1.9766025641025600,18.4275641025641,237.9096153846150,16.68653846153850,7.3076923076923100
San Miguel,3301,1427,471,968,0,3,399,23,3,7,8,113,2017,7804,8113,Telluride,"7,359","3,332.31","1,286.61",5.214,2.013,"3,337.52","1,288.62",38.009374,-108.427326,58.619230769230800,37.06089743589740,47.36987179487180,45.09679487179490,4.914551282051280,29.47820512820510,291.1051282051280,17.96474358974360,7.506410256410260
San Miguel,3441,1539,452,1062,8,0,340,30,3,7,8,113,2018,7968,8113,Telluride,"7,359","3,332.31","1,286.61",5.214,2.013,"3,337.52","1,288.62",38.009374,-108.427326,58.619230769230800,37.06089743589740,47.36987179487180,45.09679487179490,4.914551282051280,29.47820512820510,291.1051282051280,17.96474358974360,7.506410256410260
San Miguel,3552,1654,504,1026,18,0,302,37,0,11,8,113,2019,8049,8113,Telluride,"7,359","3,332.31","1,286.61",5.214,2.013,"3,337.52","1,288.62",38.009374,-108.427326,58.619230769230800,37.06089743589740,47.36987179487180,45.09679487179490,4.914551282051280,29.47820512820510,291.1051282051280,17.96474358974360,7.506410256410260
San Miguel,3604,1617,557,1020,26,0,329,49,0,6,8,113,2020,8110,8113,Telluride,"7,359","3,332.31","1,286.61",5.214,2.013,"3,337.52","1,288.62",38.009374,-108.427326,58.619230769230800,37.06089743589740,47.36987179487180,45.09679487179490,4.914551282051280,29.47820512820510,291.1051282051280,17.96474358974360,7.506410256410260
Teller,10076,5403,1607,1222,18,0,1589,71,90,76,8,119,2017,23769,8119,Cripple Creek,"23,350","1,442.77",557.055,4.945,1.909,"1,447.71",558.964,38.871994,-105.182552,63.295512820512800,38.132051282051300,50.39038461538460,45.08717948717950,6.650769230769230,37.49487179487180,268.96987179487200,16.28205128205130,7.141025641025640
Teller,10183,5408,1748,1274,17,0,1532,66,90,48,8,119,2018,24113,8119,Cripple Creek,"23,350","1,442.77",557.055,4.945,1.909,"1,447.71",558.964,38.871994,-105.182552,63.295512820512800,38.132051282051300,50.39038461538460,45.08717948717950,6.650769230769230,37.49487179487180,268.96987179487200,16.28205128205130,7.141025641025640
Teller,10248,5424,1980,1273,4,0,1404,26,78,59,8,119,2019,24524,8119,Cripple Creek,"23,350","1,442.77",557.055,4.945,1.909,"1,447.71",558.964,38.871994,-105.182552,63.295512820512800,38.132051282051300,50.39038461538460,45.08717948717950,6.650769230769230,37.49487179487180,268.96987179487200,16.28205128205130,7.141025641025640
Teller,10460,5735,2115,1364,0,0,1129,14,70,33,8,119,2020,24981,8119,Cripple Creek,"23,350","1,442.77",557.055,4.945,1.909,"1,447.71",558.964,38.871994,-105.182552,63.295512820512800,38.132051282051300,50.39038461538460,45.08717948717950,6.650769230769230,37.49487179487180,268.96987179487200,16.28205128205130,7.141025641025640
Boulder,125026,90069,3573,28059,136,49,1563,635,510,432,8,13,2017,316782,8013,Boulder,"294,567","1,881.08",726.289,36.469,14.081,"1,917.55",740.37,40.094826,-105.398382,59.751282051282100,35.92371794871800,47.41602564102560,55.460256410256400,9.081410256410260,19.483974358974400,197.99358974359000,14.869230769230800,6.378205128205130
Boulder,125894,90956,3690,28198,115,28,1301,616,548,442,8,13,2018,321030,8013,Boulder,"294,567","1,881.08",726.289,36.469,14.081,"1,917.55",740.37,40.094826,-105.398382,59.751282051282100,35.92371794871800,47.41602564102560,55.460256410256400,9.081410256410260,19.483974358974400,197.99358974359000,14.869230769230800,6.378205128205130
Boulder,127415,91532,3698,29079,109,0,1225,635,642,495,8,13,2019,322510,8013,Boulder,"294,567","1,881.08",726.289,36.469,14.081,"1,917.55",740.37,40.094826,-105.398382,59.751282051282100,35.92371794871800,47.41602564102560,55.460256410256400,9.081410256410260,19.483974358974400,197.99358974359000,14.869230769230800,6.378205128205130
Boulder,127365,91177,3780,29244,89,0,1054,695,630,696,8,13,2020,324682,8013,Boulder,"294,567","1,881.08",726.289,36.469,14.081,"1,917.55",740.37,40.094826,-105.398382,59.751282051282100,35.92371794871800,47.41602564102560,55.460256410256400,9.081410256410260,19.483974358974400,197.99358974359000,14.869230769230800,6.378205128205130
Elbert,8866,3222,3768,1087,21,0,531,17,199,21,8,39,2017,24553,8039,Colorado Springs,"23,086","4,793.67","1,850.85",0.442,0.171,"4,794.11","1,851.02",39.310817,-104.117928,62.84487179487180,34.50512820512820,48.110897435897400,49.526923076923100,5.5554487179487200,23.60320512820510,289.399358974359,17.157692307692300,7.076923076923080
Elbert,9046,3488,3743,1026,3,0,542,13,209,22,8,39,2018,25162,8039,Colorado Springs,"23,086","4,793.67","1,850.85",0.442,0.171,"4,794.11","1,851.02",39.310817,-104.117928,62.84487179487180,34.50512820512820,48.110897435897400,49.526923076923100,5.5554487179487200,23.60320512820510,289.399358974359,17.157692307692300,7.076923076923080
Elbert,9280,3484,4055,1000,5,0,461,12,213,50,8,39,2019,25717,8039,Colorado Springs,"23,086","4,793.67","1,850.85",0.442,0.171,"4,794.11","1,851.02",39.310817,-104.117928,62.84487179487180,34.50512820512820,48.110897435897400,49.526923076923100,5.5554487179487200,23.60320512820510,289.399358974359,17.157692307692300,7.076923076923080
Elbert,8816,3214,3897,815,4,0,626,11,154,95,8,39,2020,26230,8039,Colorado Springs,"23,086","4,793.67","1,850.85",0.442,0.171,"4,794.11","1,851.02",39.310817,-104.117928,62.84487179487180,34.50512820512820,48.110897435897400,49.526923076923100,5.5554487179487200,23.60320512820510,289.399358974359,17.157692307692300,7.076923076923080
Las Animas,6327,3316,1456,781,2,1,657,18,95,1,8,71,2017,14151,8071,Trinidad,"15,507","12,361.16","4,772.67",6.93,2.676,"12,368.09","4,775.35",37.318831,-104.04411,69.03397435897440,39.18269230769230,53.373717948717900,45.44423076923080,5.876153846153850,17.800641025641000,280.08397435897400,18.509615384615400,7.512820512820510
Las Animas,6477,3411,1434,839,7,1,675,16,89,5,8,71,2018,14179,8071,Trinidad,"15,507","12,361.16","4,772.67",6.93,2.676,"12,368.09","4,775.35",37.318831,-104.04411,69.03397435897440,39.18269230769230,53.373717948717900,45.44423076923080,5.876153846153850,17.800641025641000,280.08397435897400,18.509615384615400,7.512820512820510
Las Animas,6670,3435,1478,962,5,8,676,15,57,34,8,71,2019,14266,8071,Trinidad,"15,507","12,361.16","4,772.67",6.93,2.676,"12,368.09","4,775.35",37.318831,-104.04411,69.03397435897440,39.18269230769230,53.373717948717900,45.44423076923080,5.876153846153850,17.800641025641000,280.08397435897400,18.509615384615400,7.512820512820510
Las Animas,6750,3346,1493,1057,6,7,709,68,29,35,8,71,2020,14323,8071,Trinidad,"15,507","12,361.16","4,772.67",6.93,2.676,"12,368.09","4,775.35",37.318831,-104.04411,69.03397435897440,39.18269230769230,53.373717948717900,45.44423076923080,5.876153846153850,17.800641025641000,280.08397435897400,18.509615384615400,7.512820512820510
Yuma,4053,2508,920,472,3,0,73,0,49,28,8,125,2017,10109,8125,Wray,"10,043","6,123.78","2,364.41",11.135,4.299,"6,134.92","2,368.70",40.000631,-102.422649,67.98974358974360,38.529487179487200,52.407051282051300,55.3698717948718,3.258717948717950,23.47692307692310,203.90897435897400,16.691666666666700,6.583333333333330
Yuma,4051,2403,981,500,4,0,77,0,59,27,8,125,2018,10069,8125,Wray,"10,043","6,123.78","2,364.41",11.135,4.299,"6,134.92","2,368.70",40.000631,-102.422649,67.98974358974360,38.529487179487200,52.407051282051300,55.3698717948718,3.258717948717950,23.47692307692310,203.90897435897400,16.691666666666700,6.583333333333330
Yuma,4028,2218,1048,635,3,0,56,0,43,25,8,125,2019,10003,8125,Wray,"10,043","6,123.78","2,364.41",11.135,4.299,"6,134.92","2,368.70",40.000631,-102.422649,67.98974358974360,38.529487179487200,52.407051282051300,55.3698717948718,3.258717948717950,23.47692307692310,203.90897435897400,16.691666666666700,6.583333333333330
Yuma,4108,2327,1001,681,2,0,55,0,21,21,8,125,2020,10013,8125,Wray,"10,043","6,123.78","2,364.41",11.135,4.299,"6,134.92","2,368.70",40.000631,-102.422649,67.98974358974360,38.529487179487200,52.407051282051300,55.3698717948718,3.258717948717950,23.47692307692310,203.90897435897400,16.691666666666700,6.583333333333330
Lincoln,1477,860,349,189,9,0,37,0,32,1,8,73,2017,5520,8073,Hugo,"5,467","6,676.02","2,577.63",22.781,8.796,"6,698.80","2,586.42",38.99374,-103.507555,65.07307692307690,33.340384615384600,48.73653846153850,52.30448717948720,4.594102564102560,22.90897435897440,281.0455128205130,16.847435897435900,6.935897435897440
Lincoln,1520,858,393,198,3,0,45,0,18,5,8,73,2018,5548,8073,Hugo,"5,467","6,676.02","2,577.63",22.781,8.796,"6,698.80","2,586.42",38.99374,-103.507555,65.07307692307690,33.340384615384600,48.73653846153850,52.30448717948720,4.594102564102560,22.90897435897440,281.0455128205130,16.847435897435900,6.935897435897440
Lincoln,1518,875,360,215,3,0,37,0,22,6,8,73,2019,5585,8073,Hugo,"5,467","6,676.02","2,577.63",22.781,8.796,"6,698.80","2,586.42",38.99374,-103.507555,65.07307692307690,33.340384615384600,48.73653846153850,52.30448717948720,4.594102564102560,22.90897435897440,281.0455128205130,16.847435897435900,6.935897435897440
Lincoln,1513,891,341,205,6,0,50,0,15,5,8,73,2020,5608,8073,Hugo,"5,467","6,676.02","2,577.63",22.781,8.796,"6,698.80","2,586.42",38.99374,-103.507555,65.07307692307690,33.340384615384600,48.73653846153850,52.30448717948720,4.594102564102560,22.90897435897440,281.0455128205130,16.847435897435900,6.935897435897440
Routt,9478,4110,1548,2858,0,68,726,27,141,0,8,107,2017,24359,8107,Steamboat Springs,"23,509","6,117.62","2,362.03",15.826,6.11,"6,133.45","2,368.14",40.48316,-106.985289,56.08910256410260,29.435897435897400,42.48653846153850,59.06217948717950,5.608910256410260,32.12948717948720,281.3121794871800,18.37371794871800,7.153846153846150
Routt,9552,4280,1543,2776,0,34,760,26,133,0,8,107,2018,24874,8107,Steamboat Springs,"23,509","6,117.62","2,362.03",15.826,6.11,"6,133.45","2,368.14",40.48316,-106.985289,56.08910256410260,29.435897435897400,42.48653846153850,59.06217948717950,5.608910256410260,32.12948717948720,281.3121794871800,18.37371794871800,7.153846153846150
Routt,9603,4355,1425,2841,0,23,851,0,108,0,8,107,2019,25072,8107,Steamboat Springs,"23,509","6,117.62","2,362.03",15.826,6.11,"6,133.45","2,368.14",40.48316,-106.985289,56.08910256410260,29.435897435897400,42.48653846153850,59.06217948717950,5.608910256410260,32.12948717948720,281.3121794871800,18.37371794871800,7.153846153846150
Routt,10100,4707,1506,2815,0,18,981,0,73,0,8,107,2020,25317,8107,Steamboat Springs,"23,509","6,117.62","2,362.03",15.826,6.11,"6,133.45","2,368.14",40.48316,-106.985289,56.08910256410260,29.435897435897400,42.48653846153850,59.06217948717950,5.608910256410260,32.12948717948720,281.3121794871800,18.37371794871800,7.153846153846150
Summit,9455,4999,224,3834,0,0,301,3,50,44,8,117,2017,29722,8117,Breckenridge,"27,994","1,575.64",608.358,28.283,10.92,"1,603.92",619.278,39.621023,-106.137555,42.78846153846150,29.140384615384600,35.57307692307690,50.0224358974359,9.748974358974360,42.20641025641030,220.1814102564100,17.45448717948720,7.391025641025640
Summit,9707,4864,187,4155,33,0,338,26,47,57,8,117,2018,30429,8117,Breckenridge,"27,994","1,575.64",608.358,28.283,10.92,"1,603.92",619.278,39.621023,-106.137555,42.78846153846150,29.140384615384600,35.57307692307690,50.0224358974359,9.748974358974360,42.20641025641030,220.1814102564100,17.45448717948720,7.391025641025640
Summit,10641,5120,198,4830,34,0,333,22,51,53,8,117,2019,30649,8117,Breckenridge,"27,994","1,575.64",608.358,28.283,10.92,"1,603.92",619.278,39.621023,-106.137555,42.78846153846150,29.140384615384600,35.57307692307690,50.0224358974359,9.748974358974360,42.20641025641030,220.1814102564100,17.45448717948720,7.391025641025640
Summit,11609,6016,290,4883,41,0,318,44,16,1,8,117,2020,30735,8117,Breckenridge,"27,994","1,575.64",608.358,28.283,10.92,"1,603.92",619.278,39.621023,-106.137555,42.78846153846150,29.140384615384600,35.57307692307690,50.0224358974359,9.748974358974360,42.20641025641030,220.1814102564100,17.45448717948720,7.391025641025640
Alamosa,6049,3074,614,1502,87,0,541,62,127,42,8,3,2017,16345,8003,Alamosa,"15,445","1,871.64",722.643,1.808,0.698,"1,873.45",723.341,37.568442,-105.788041,61.483333333333300,27.653205128205100,44.257051282051300,51.496153846153800,4.166538461538460,19.875,306.9217948717950,18.847435897435900,7.461538461538460
Alamosa,6153,3097,670,1589,52,2,532,31,137,43,8,3,2018,16444,8003,Alamosa,"15,445","1,871.64",722.643,1.808,0.698,"1,873.45",723.341,37.568442,-105.788041,61.483333333333300,27.653205128205100,44.257051282051300,51.496153846153800,4.166538461538460,19.875,306.9217948717950,18.847435897435900,7.461538461538460
Alamosa,6162,3086,767,1628,34,2,458,28,113,46,8,3,2019,16107,8003,Alamosa,"15,445","1,871.64",722.643,1.808,0.698,"1,873.45",723.341,37.568442,-105.788041,61.483333333333300,27.653205128205100,44.257051282051300,51.496153846153800,4.166538461538460,19.875,306.9217948717950,18.847435897435900,7.461538461538460
Alamosa,6240,2826,908,1736,26,3,521,15,126,79,8,3,2020,16153,8003,Alamosa,"15,445","1,871.64",722.643,1.808,0.698,"1,873.45",723.341,37.568442,-105.788041,61.483333333333300,27.653205128205100,44.257051282051300,51.496153846153800,4.166538461538460,19.875,306.9217948717950,18.847435897435900,7.461538461538460
Clear Creek,4374,2256,691,735,17,0,546,53,61,15,8,19,2017,9257,8019,Georgetown,"9,088","1,023.63",395.227,3.28,1.266,"1,026.91",396.493,39.689403,-105.670791,37.61153846153850,23.753205128205100,30.276923076923100,54.05320512820510,8.627243589743590,39.74487179487180,274.1230769230770,23.684615384615400,7.198717948717950
Clear Creek,4640,2426,817,807,11,0,456,53,59,11,8,19,2018,9379,8019,Georgetown,"9,088","1,023.63",395.227,3.28,1.266,"1,026.91",396.493,39.689403,-105.670791,37.61153846153850,23.753205128205100,30.276923076923100,54.05320512820510,8.627243589743590,39.74487179487180,274.1230769230770,23.684615384615400,7.198717948717950
Clear Creek,4395,2248,806,755,14,0,428,75,57,12,8,19,2019,9495,8019,Georgetown,"9,088","1,023.63",395.227,3.28,1.266,"1,026.91",396.493,39.689403,-105.670791,37.61153846153850,23.753205128205100,30.276923076923100,54.05320512820510,8.627243589743590,39.74487179487180,274.1230769230770,23.684615384615400,7.198717948717950
Clear Creek,4378,2099,1008,692,0,0,417,46,53,63,8,19,2020,9533,8019,Georgetown,"9,088","1,023.63",395.227,3.28,1.266,"1,026.91",396.493,39.689403,-105.670791,37.61153846153850,23.753205128205100,30.276923076923100,54.05320512820510,8.627243589743590,39.74487179487180,274.1230769230770,23.684615384615400,7.198717948717950
Delta,12119,6336,1828,2299,16,145,1217,86,163,29,8,29,2017,30217,8029,Delta,"30,952","2,957.90","1,142.05",16.961,6.549,"2,974.86","1,148.60",38.861756,-107.864757,67.64615384615380,40.28782051282050,53.5025641025641,43.34102564102560,4.460512820512820,19.722435897435900,267.9083333333330,17.26025641025640,7.314102564102560
Delta,11882,6199,1630,2270,17,132,1338,95,179,22,8,29,2018,30346,8029,Delta,"30,952","2,957.90","1,142.05",16.961,6.549,"2,974.86","1,148.60",38.861756,-107.864757,67.64615384615380,40.28782051282050,53.5025641025641,43.34102564102560,4.460512820512820,19.722435897435900,267.9083333333330,17.26025641025640,7.314102564102560
Delta,11883,6032,1806,2389,27,162,1183,78,173,33,8,29,2019,30565,8029,Delta,"30,952","2,957.90","1,142.05",16.961,6.549,"2,974.86","1,148.60",38.861756,-107.864757,67.64615384615380,40.28782051282050,53.5025641025641,43.34102564102560,4.460512820512820,19.722435897435900,267.9083333333330,17.26025641025640,7.314102564102560
Delta,12277,6058,2040,2436,8,58,1277,106,214,80,8,29,2020,30758,8029,Delta,"30,952","2,957.90","1,142.05",16.961,6.549,"2,974.86","1,148.60",38.861756,-107.864757,67.64615384615380,40.28782051282050,53.5025641025641,43.34102564102560,4.460512820512820,19.722435897435900,267.9083333333330,17.26025641025640,7.314102564102560
Fremont,16762,11313,2018,1880,10,35,1325,43,115,23,8,43,2017,46601,8043,Caon City,"46,824","3,970.63","1,533.07",2.235,0.863,"3,972.86","1,533.93",38.455658,-105.421438,63.52307692307690,39.119230769230800,50.81089743589740,43.92692307692310,7.078205128205130,36.24230769230770,295.7967948717950,18.06025641025640,7.493589743589740
Fremont,17163,11647,2003,1931,14,6,1359,54,107,42,8,43,2018,47002,8043,Caon City,"46,824","3,970.63","1,533.07",2.235,0.863,"3,972.86","1,533.93",38.455658,-105.421438,63.52307692307690,39.119230769230800,50.81089743589740,43.92692307692310,7.078205128205130,36.24230769230770,295.7967948717950,18.06025641025640,7.493589743589740
Fremont,17136,11548,2119,1960,5,5,1290,26,130,53,8,43,2019,47321,8043,Caon City,"46,824","3,970.63","1,533.07",2.235,0.863,"3,972.86","1,533.93",38.455658,-105.421438,63.52307692307690,39.119230769230800,50.81089743589740,43.92692307692310,7.078205128205130,36.24230769230770,295.7967948717950,18.06025641025640,7.493589743589740
Fremont,17449,11922,2367,1710,50,5,1257,20,62,56,8,43,2020,47725,8043,Caon City,"46,824","3,970.63","1,533.07",2.235,0.863,"3,972.86","1,533.93",38.455658,-105.421438,63.52307692307690,39.119230769230800,50.81089743589740,43.92692307692310,7.078205128205130,36.24230769230770,295.7967948717950,18.06025641025640,7.493589743589740
Pueblo,63489,47558,2941,10894,23,0,1110,47,658,258,8,101,2017,163368,8101,Pueblo,"159,063","6,179.98","2,386.10",30.28,11.691,"6,210.26","2,397.80",38.170658,-104.489893,70.2775641025641,38.39423076923080,53.89038461538460,46.825641025641000,4.060128205128210,18.099358974359000,259.02564102564100,16.781410256410300,6.923076923076920
Pueblo,63762,48019,2609,11045,37,0,1158,49,589,256,8,101,2018,164685,8101,Pueblo,"159,063","6,179.98","2,386.10",30.28,11.691,"6,210.26","2,397.80",38.170658,-104.489893,70.2775641025641,38.39423076923080,53.89038461538460,46.825641025641000,4.060128205128210,18.099358974359000,259.02564102564100,16.781410256410300,6.923076923076920
Pueblo,64314,48589,2747,10954,39,0,1119,52,585,229,8,101,2019,165982,8101,Pueblo,"159,063","6,179.98","2,386.10",30.28,11.691,"6,210.26","2,397.80",38.170658,-104.489893,70.2775641025641,38.39423076923080,53.89038461538460,46.825641025641000,4.060128205128210,18.099358974359000,259.02564102564100,16.781410256410300,6.923076923076920
Pueblo,65206,49159,2501,11395,62,0,891,69,820,309,8,101,2020,167412,8101,Pueblo,"159,063","6,179.98","2,386.10",30.28,11.691,"6,210.26","2,397.80",38.170658,-104.489893,70.2775641025641,38.39423076923080,53.89038461538460,46.825641025641000,4.060128205128210,18.099358974359000,259.02564102564100,16.781410256410300,6.923076923076920
Montrose,16951,9858,2065,2905,18,38,1775,61,152,79,8,85,2017,40908,8085,Montrose,"41,276","5,803.37","2,240.70",4.923,1.901,"5,808.30","2,242.60",38.413427,-108.263042,64.55897435897440,39.101282051282100,51.425000000000000,45.63012820512820,5.074871794871800,21.547435897435900,262.18397435897400,17.769871794871800,7.551282051282050
Montrose,17125,10278,2050,2631,52,54,1726,46,192,96,8,85,2018,41268,8085,Montrose,"41,276","5,803.37","2,240.70",4.923,1.901,"5,808.30","2,242.60",38.413427,-108.263042,64.55897435897440,39.101282051282100,51.425000000000000,45.63012820512820,5.074871794871800,21.547435897435900,262.18397435897400,17.769871794871800,7.551282051282050
Montrose,17140,10582,2055,2560,51,60,1490,58,175,109,8,85,2019,41686,8085,Montrose,"41,276","5,803.37","2,240.70",4.923,1.901,"5,808.30","2,242.60",38.413427,-108.263042,64.55897435897440,39.101282051282100,51.425000000000000,45.63012820512820,5.074871794871800,21.547435897435900,262.18397435897400,17.769871794871800,7.551282051282050
Montrose,17483,11034,1994,2582,46,51,1501,47,149,79,8,85,2020,42280,8085,Montrose,"41,276","5,803.37","2,240.70",4.923,1.901,"5,808.30","2,242.60",38.413427,-108.263042,64.55897435897440,39.101282051282100,51.425000000000000,45.63012820512820,5.074871794871800,21.547435897435900,262.18397435897400,17.769871794871800,7.551282051282050
Morgan,10599,5513,1413,3266,24,0,228,7,117,31,8,87,2017,28123,8087,Fort Morgan,"28,159","3,316.31","1,280.43",34.474,13.31,"3,350.78","1,293.74",40.262354,-103.807092,65.88076923076920,36.340384615384600,50.534615384615400,52.169230769230800,3.4723717948718000,22.375641025641000,224.6948717948720,17.218589743589700,6.948717948717950
Morgan,10785,5624,1381,3378,26,0,260,9,98,9,8,87,2018,28257,8087,Fort Morgan,"28,159","3,316.31","1,280.43",34.474,13.31,"3,350.78","1,293.74",40.262354,-103.807092,65.88076923076920,36.340384615384600,50.534615384615400,52.169230769230800,3.4723717948718000,22.375641025641000,224.6948717948720,17.218589743589700,6.948717948717950
Morgan,10928,5358,1664,3563,12,0,236,13,79,3,8,87,2019,28517,8087,Fort Morgan,"28,159","3,316.31","1,280.43",34.474,13.31,"3,350.78","1,293.74",40.262354,-103.807092,65.88076923076920,36.340384615384600,50.534615384615400,52.169230769230800,3.4723717948718000,22.375641025641000,224.6948717948720,17.218589743589700,6.948717948717950
Morgan,10863,5344,1738,3448,14,0,195,77,44,3,8,87,2020,28617,8087,Fort Morgan,"28,159","3,316.31","1,280.43",34.474,13.31,"3,350.78","1,293.74",40.262354,-103.807092,65.88076923076920,36.340384615384600,50.534615384615400,52.169230769230800,3.4723717948718000,22.375641025641000,224.6948717948720,17.218589743589700,6.948717948717950
Park,7389,2780,2110,827,0,8,1468,26,170,0,8,93,2017,16900,8093,Fairplay,"16,206","5,682.03","2,193.85",43.531,16.807,"5,725.57","2,210.65",39.118914,-105.717648,45.91346153846150,28.860256410256400,36.575000000000000,49.26923076923080,7.478782051282050,34.45961538461540,216.17820512820500,16.84294871794870,7.461538461538460
Park,7119,2771,2082,766,0,8,1286,19,187,0,8,93,2018,17392,8093,Fairplay,"16,206","5,682.03","2,193.85",43.531,16.807,"5,725.57","2,210.65",39.118914,-105.717648,45.91346153846150,28.860256410256400,36.575000000000000,49.26923076923080,7.478782051282050,34.45961538461540,216.17820512820500,16.84294871794870,7.461538461538460
Park,6931,2751,2094,734,0,0,1173,28,151,0,8,93,2019,17867,8093,Fairplay,"16,206","5,682.03","2,193.85",43.531,16.807,"5,725.57","2,210.65",39.118914,-105.717648,45.91346153846150,28.860256410256400,36.575000000000000,49.26923076923080,7.478782051282050,34.45961538461540,216.17820512820500,16.84294871794870,7.461538461538460
Park,6987,2868,2021,722,0,0,1178,8,190,0,8,93,2020,18345,8093,Fairplay,"16,206","5,682.03","2,193.85",43.531,16.807,"5,725.57","2,210.65",39.118914,-105.717648,45.91346153846150,28.860256410256400,36.575000000000000,49.26923076923080,7.478782051282050,34.45961538461540,216.17820512820500,16.84294871794870,7.461538461538460
Saguache,2626,640,853,321,34,14,660,36,51,17,8,109,2017,6338,8109,Saguache,"6,108","8,206.44","3,168.53",4.455,1.72,"8,210.90","3,170.25",38.033952,-106.246675,59.42371794871800,31.671794871794900,44.84679487179490,48.59935897435900,2.7243589743589700,22.368589743589700,307.7967948717950,19.039743589743600,7.846153846153850
Saguache,2645,630,872,272,16,15,705,41,56,38,8,109,2018,6468,8109,Saguache,"6,108","8,206.44","3,168.53",4.455,1.72,"8,210.90","3,170.25",38.033952,-106.246675,59.42371794871800,31.671794871794900,44.84679487179490,48.59935897435900,2.7243589743589700,22.368589743589700,307.7967948717950,19.039743589743600,7.846153846153850
Saguache,2860,690,985,358,17,13,674,37,52,34,8,109,2019,6592,8109,Saguache,"6,108","8,206.44","3,168.53",4.455,1.72,"8,210.90","3,170.25",38.033952,-106.246675,59.42371794871800,31.671794871794900,44.84679487179490,48.59935897435900,2.7243589743589700,22.368589743589700,307.7967948717950,19.039743589743600,7.846153846153850
Saguache,2803,710,938,396,24,13,629,35,30,28,8,109,2020,6730,8109,Saguache,"6,108","8,206.44","3,168.53",4.455,1.72,"8,210.90","3,170.25",38.033952,-106.246675,59.42371794871800,31.671794871794900,44.84679487179490,48.59935897435900,2.7243589743589700,22.368589743589700,307.7967948717950,19.039743589743600,7.846153846153850
Mesa,60562,45317,2445,9911,42,39,1819,205,635,149,8,77,2017,148798,8077,Grand Junction,"146,723","8,622.00","3,328.97",31.467,12.149,"8,653.47","3,341.12",39.019492,-108.461837,67.44871794871790,42.48717948717950,54.608333333333300,41.6775641025641,2.6978846153846200,18.25897435897440,287.09358974359000,18.01794871794870,7.108974358974360
Mesa,61033,45532,2586,10265,30,40,1681,259,493,147,8,77,2018,149998,8077,Grand Junction,"146,723","8,622.00","3,328.97",31.467,12.149,"8,653.47","3,341.12",39.019492,-108.461837,67.44871794871790,42.48717948717950,54.608333333333300,41.6775641025641,2.6978846153846200,18.25897435897440,287.09358974359000,18.01794871794870,7.108974358974360
Mesa,61742,46784,2299,9926,12,43,1747,252,530,149,8,77,2019,151218,8077,Grand Junction,"146,723","8,622.00","3,328.97",31.467,12.149,"8,653.47","3,341.12",39.019492,-108.461837,67.44871794871790,42.48717948717950,54.608333333333300,41.6775641025641,2.6978846153846200,18.25897435897440,287.09358974359000,18.01794871794870,7.108974358974360
Mesa,59750,44909,2636,9702,12,35,1440,421,396,199,8,77,2020,152962,8077,Grand Junction,"146,723","8,622.00","3,328.97",31.467,12.149,"8,653.47","3,341.12",39.019492,-108.461837,67.44871794871790,42.48717948717950,54.608333333333300,41.6775641025641,2.6978846153846200,18.25897435897440,287.09358974359000,18.01794871794870,7.108974358974360
Prowers,4913,3801,463,498,3,0,73,0,27,48,8,99,2017,12084,8099,Lamar,"12,551","4,243.42","1,638.40",15.353,5.928,"4,258.78","1,644.32",37.958181,-102.392161,71.02435897435900,38.9474358974359,54.42371794871800,52.20320512820510,3.8995512820512800,19.17820512820510,236.6269230769230,17.32948717948720,7.1923076923076900
Prowers,4963,3857,398,565,3,0,70,0,32,38,8,99,2018,12052,8099,Lamar,"12,551","4,243.42","1,638.40",15.353,5.928,"4,258.78","1,644.32",37.958181,-102.392161,71.02435897435900,38.9474358974359,54.42371794871800,52.20320512820510,3.8995512820512800,19.17820512820510,236.6269230769230,17.32948717948720,7.1923076923076900
Prowers,4888,3871,361,522,19,0,58,0,32,25,8,99,2019,12022,8099,Lamar,"12,551","4,243.42","1,638.40",15.353,5.928,"4,258.78","1,644.32",37.958181,-102.392161,71.02435897435900,38.9474358974359,54.42371794871800,52.20320512820510,3.8995512820512800,19.17820512820510,236.6269230769230,17.32948717948720,7.1923076923076900
Prowers,4900,3822,346,573,28,0,55,0,18,58,8,99,2020,12035,8099,Lamar,"12,551","4,243.42","1,638.40",15.353,5.928,"4,258.78","1,644.32",37.958181,-102.392161,71.02435897435900,38.9474358974359,54.42371794871800,52.20320512820510,3.8995512820512800,19.17820512820510,236.6269230769230,17.32948717948720,7.1923076923076900
Hinsdale,368,26,156,77,0,0,102,5,2,0,8,53,2017,820,8053,Lake City,843,"2,893.67","1,117.25",15.325,5.917,"2,908.99","1,123.17",37.811625,-107.383405,52.532051282051300,33.76474358974360,42.65128205128210,48.58974358974360,7.451730769230770,33.891666666666700,253.81474358974400,15.962179487179500,7.17948717948718
Hinsdale,387,20,172,73,0,2,118,0,2,0,8,53,2018,878,8053,Lake City,843,"2,893.67","1,117.25",15.325,5.917,"2,908.99","1,123.17",37.811625,-107.383405,52.532051282051300,33.76474358974360,42.65128205128210,48.58974358974360,7.451730769230770,33.891666666666700,253.81474358974400,15.962179487179500,7.17948717948718
Hinsdale,377,18,163,69,0,2,123,0,2,0,8,53,2019,857,8053,Lake City,843,"2,893.67","1,117.25",15.325,5.917,"2,908.99","1,123.17",37.811625,-107.383405,52.532051282051300,33.76474358974360,42.65128205128210,48.58974358974360,7.451730769230770,33.891666666666700,253.81474358974400,15.962179487179500,7.17948717948718
Hinsdale,376,21,181,53,0,2,116,0,3,0,8,53,2020,781,8053,Lake City,843,"2,893.67","1,117.25",15.325,5.917,"2,908.99","1,123.17",37.811625,-107.383405,52.532051282051300,33.76474358974360,42.65128205128210,48.58974358974360,7.451730769230770,33.891666666666700,253.81474358974400,15.962179487179500,7.17948717948718
El Paso,249745,179449,9971,56213,103,70,1665,245,1136,893,8,41,2017,674826,8041,Kiowa,"622,263","5,508.39","2,126.80",7.112,2.746,"5,515.50","2,129.55",38.827383,-104.527472,64.78397435897440,38.39807692307690,51.20705128205130,45.360897435897400,5.689230769230770,43.44166666666670,222.88782051282100,13.603846153846200,5.980769230769230
El Paso,253379,181864,9639,57909,127,54,1508,311,1040,927,8,41,2018,688153,8041,Kiowa,"622,263","5,508.39","2,126.80",7.112,2.746,"5,515.50","2,129.55",38.827383,-104.527472,64.78397435897440,38.39807692307690,51.20705128205130,45.360897435897400,5.689230769230770,43.44166666666670,222.88782051282100,13.603846153846200,5.980769230769230
El Paso,257507,184131,9537,59724,181,41,1594,219,1127,953,8,41,2019,698974,8041,Kiowa,"622,263","5,508.39","2,126.80",7.112,2.746,"5,515.50","2,129.55",38.827383,-104.527472,64.78397435897440,38.39807692307690,51.20705128205130,45.360897435897400,5.689230769230770,43.44166666666670,222.88782051282100,13.603846153846200,5.980769230769230
El Paso,262780,184058,10137,63625,386,28,1557,321,1459,1209,8,41,2020,710499,8041,Kiowa,"622,263","5,508.39","2,126.80",7.112,2.746,"5,515.50","2,129.55",38.827383,-104.527472,64.78397435897440,38.39807692307690,51.20705128205130,45.360897435897400,5.689230769230770,43.44166666666670,222.88782051282100,13.603846153846200,5.980769230769230
Washington,2012,854,620,438,10,0,55,0,24,11,8,121,2017,4809,8121,Akron,"4,814","6,521.67","2,518.03",15.207,5.872,"6,536.88","2,523.90",39.965413,-103.209605,64.93589743589740,37.96730769230770,50.93076923076920,52.98397435897440,2.350576923076920,22.298076923076900,219.22115384615400,16.534615384615400,6.455128205128210
Washington,2030,859,650,428,2,0,59,0,20,12,8,121,2018,4840,8121,Akron,"4,814","6,521.67","2,518.03",15.207,5.872,"6,536.88","2,523.90",39.965413,-103.209605,64.93589743589740,37.96730769230770,50.93076923076920,52.98397435897440,2.350576923076920,22.298076923076900,219.22115384615400,16.534615384615400,6.455128205128210
Washington,2087,799,722,467,3,0,50,0,29,17,8,121,2019,4868,8121,Akron,"4,814","6,521.67","2,518.03",15.207,5.872,"6,536.88","2,523.90",39.965413,-103.209605,64.93589743589740,37.96730769230770,50.93076923076920,52.98397435897440,2.350576923076920,22.298076923076900,219.22115384615400,16.534615384615400,6.455128205128210
Washington,2081,722,712,558,6,0,49,0,24,10,8,121,2020,4869,8121,Akron,"4,814","6,521.67","2,518.03",15.207,5.872,"6,536.88","2,523.90",39.965413,-103.209605,64.93589743589740,37.96730769230770,50.93076923076920,52.98397435897440,2.350576923076920,22.298076923076900,219.22115384615400,16.534615384615400,6.455128205128210
Grand,5724,2653,710,1707,0,20,564,15,41,14,8,49,2017,14793,8049,Hot Sulphur Springs,"14,843","4,781.97","1,846.33",60.25,23.263,"4,842.22","1,869.59",40.123289,-106.095876,50.635897435897400,24.710897435897400,37.11474358974360,59.20897435897440,8.493589743589740,33.03910256410260,213.5698717948720,16.451923076923100,6.948717948717950
Grand,5823,2562,646,1931,0,19,602,17,43,3,8,49,2018,15066,8049,Hot Sulphur Springs,"14,843","4,781.97","1,846.33",60.25,23.263,"4,842.22","1,869.59",40.123289,-106.095876,50.635897435897400,24.710897435897400,37.11474358974360,59.20897435897440,8.493589743589740,33.03910256410260,213.5698717948720,16.451923076923100,6.948717948717950
Grand,5884,2572,669,2075,0,25,477,0,61,5,8,49,2019,15303,8049,Hot Sulphur Springs,"14,843","4,781.97","1,846.33",60.25,23.263,"4,842.22","1,869.59",40.123289,-106.095876,50.635897435897400,24.710897435897400,37.11474358974360,59.20897435897440,8.493589743589740,33.03910256410260,213.5698717948720,16.451923076923100,6.948717948717950
Grand,6315,2800,588,2190,6,11,648,0,67,5,8,49,2020,15536,8049,Hot Sulphur Springs,"14,843","4,781.97","1,846.33",60.25,23.263,"4,842.22","1,869.59",40.123289,-106.095876,50.635897435897400,24.710897435897400,37.11474358974360,59.20897435897440,8.493589743589740,33.03910256410260,213.5698717948720,16.451923076923100,6.948717948717950
Arapahoe,235263,167503,2753,62067,202,27,618,321,952,820,8,5,2017,626612,8005,Littleton,"572,003","2,067.07",798.1,19.004,7.337,"2,086.07",805.437,39.644632,-104.331733,65.78653846153850,39.827564102564100,52.12371794871800,46.57628205128210,5.128076923076920,51.72179487179490,250.1596153846150,14.717307692307700,6.25
Arapahoe,237559,167694,2835,63801,209,36,603,446,988,947,8,5,2018,636671,8005,Littleton,"572,003","2,067.07",798.1,19.004,7.337,"2,086.07",805.437,39.644632,-104.331733,65.78653846153850,39.827564102564100,52.12371794871800,46.57628205128210,5.128076923076920,51.72179487179490,250.1596153846150,14.717307692307700,6.25
Arapahoe,240304,166917,3211,66909,198,94,571,553,877,974,8,5,2019,644560,8005,Littleton,"572,003","2,067.07",798.1,19.004,7.337,"2,086.07",805.437,39.644632,-104.331733,65.78653846153850,39.827564102564100,52.12371794871800,46.57628205128210,5.128076923076920,51.72179487179490,250.1596153846150,14.717307692307700,6.25
Arapahoe,241889,166488,3056,68639,270,93,505,522,1072,1244,8,5,2020,649980,8005,Littleton,"572,003","2,067.07",798.1,19.004,7.337,"2,086.07",805.437,39.644632,-104.331733,65.78653846153850,39.827564102564100,52.12371794871800,46.57628205128210,5.128076923076920,51.72179487179490,250.1596153846150,14.717307692307700,6.25
Otero,7490,5932,470,860,0,0,170,3,29,26,8,89,2017,18325,8089,La Junta,"18,831","3,268.47","1,261.96",20.052,7.742,"3,288.52","1,269.70",37.88417,-103.72126,70.98910256410260,37.64230769230770,53.66346153846150,52.12179487179490,2.858012820512820,9.526923076923080,220.5903846153850,17.692948717948700,7.205128205128210
Otero,7691,6199,425,835,0,0,178,0,22,32,8,89,2018,18325,8089,La Junta,"18,831","3,268.47","1,261.96",20.052,7.742,"3,288.52","1,269.70",37.88417,-103.72126,70.98910256410260,37.64230769230770,53.66346153846150,52.12179487179490,2.858012820512820,9.526923076923080,220.5903846153850,17.692948717948700,7.205128205128210
Otero,7722,6186,424,852,0,0,183,0,39,38,8,89,2019,18282,8089,La Junta,"18,831","3,268.47","1,261.96",20.052,7.742,"3,288.52","1,269.70",37.88417,-103.72126,70.98910256410260,37.64230769230770,53.66346153846150,52.12179487179490,2.858012820512820,9.526923076923080,220.5903846153850,17.692948717948700,7.205128205128210
Otero,7761,6097,367,905,0,0,324,0,44,24,8,89,2020,18284,8089,La Junta,"18,831","3,268.47","1,261.96",20.052,7.742,"3,288.52","1,269.70",37.88417,-103.72126,70.98910256410260,37.64230769230770,53.66346153846150,52.12179487179490,2.858012820512820,9.526923076923080,220.5903846153850,17.692948717948700,7.205128205128210
Broomfield,25938,19014,407,6153,0,0,61,43,184,76,8,14,2017,64283,8014,Broomfield,"55,889",85.558,33.034,1.466,0.566,87.024,33.6,39.953383,-105.052125,65.87820512820510,40.27628205128210,52.743589743589700,47.24871794871800,5.1816025641025600,24.45705128205130,170.99166666666700,14.496153846153800,6.576923076923080
Broomfield,26721,19413,435,6504,0,0,63,46,196,64,8,14,2018,66120,8014,Broomfield,"55,889",85.558,33.034,1.466,0.566,87.024,33.6,39.953383,-105.052125,65.87820512820510,40.27628205128210,52.743589743589700,47.24871794871800,5.1816025641025600,24.45705128205130,170.99166666666700,14.496153846153800,6.576923076923080
Broomfield,27470,20020,459,6577,0,0,44,79,230,61,8,14,2019,67886,8014,Broomfield,"55,889",85.558,33.034,1.466,0.566,87.024,33.6,39.953383,-105.052125,65.87820512820510,40.27628205128210,52.743589743589700,47.24871794871800,5.1816025641025600,24.45705128205130,170.99166666666700,14.496153846153800,6.576923076923080
Broomfield,27199,19786,454,6622,0,0,58,75,132,72,8,14,2020,69444,8014,Broomfield,"55,889",85.558,33.034,1.466,0.566,87.024,33.6,39.953383,-105.052125,65.87820512820510,40.27628205128210,52.743589743589700,47.24871794871800,5.1816025641025600,24.45705128205130,170.99166666666700,14.496153846153800,6.576923076923080